short,iata,longname,lon,lat,alt,wmo,isoilflg,istext,sand,clay,slsoc,slph,slcec,sldbd,depth,isoilbc,sldrain,scolour,met.driver,yeara,yearz,iphen,iage
AMZBR_0001,a0001,Amazon Polygon 0001,-61.5,-13.5,NA,NA,2,6,0.521,0.251,0.0158,5,0.084,1250,K,1,90,16,ERA5_CHIRPS,1981,2019,5,30
AMZBR_0002,a0002,Amazon Polygon 0002,-60.5,-13.5,NA,NA,2,3,0.614,0.173,0.0179,5.2,0.099,1240,K,1,90,16,ERA5_CHIRPS,1981,2019,5,30
AMZBR_0003,a0003,Amazon Polygon 0003,-63.5,-12.5,NA,NA,2,6,0.495,0.262,0.016,5,0.086,1250,K,1,90,16,ERA5_CHIRPS,1981,2019,5,30
AMZBR_0004,a0004,Amazon Polygon 0004,-62.5,-12.5,NA,NA,2,6,0.532827158181877,0.223343203931085,0.0151842159320799,4.81890525820088,0.0924997073894,1223.15593565532,K,1,90,16,ERA5_CHIRPS,1981,2019,5,30
AMZBR_0005,a0005,Amazon Polygon 0005,-61.5,-12.5,NA,NA,2,6,0.450731520182141,0.306403635818869,0.0183703078468289,4.88934097681909,0.0847669342966816,1220.75569914233,K,1,90,16,ERA5_CHIRPS,1981,2019,5,30
AMZBR_0006,a0006,Amazon Polygon 0006,-60.5,-12.5,NA,NA,2,6,0.558696336870935,0.25565491270113,0.0175133858267717,5.01828141047586,0.0786268401232455,1228.952413557,K,1,90,16,ERA5_CHIRPS,1981,2019,5,30
AMZBR_0007,a0007,Amazon Polygon 0007,-57.5,-12.5,NA,NA,2,3,0.709133718829057,0.193535598120708,0.0181794000722805,4.42490061438381,0.117891217925551,1208.67003975425,K,1,90,16,ERA5_CHIRPS,1981,2019,5,30
AMZBR_0008,a0008,Amazon Polygon 0008,-56.5,-12.5,NA,NA,2,3,0.606,0.148,0.0193,4.8,0.119,1220,K,1,90,15,ERA5_CHIRPS,1981,2019,5,30
AMZBR_0009,a0009,Amazon Polygon 0009,-55.5,-12.5,NA,NA,2,3,0.589,0.157,0.0202,4.9,0.103,1240,K,1,90,15,ERA5_CHIRPS,1981,2019,5,120
AMZBR_0010,a0010,Amazon Polygon 0010,-54.5,-12.5,NA,NA,2,6,0.588931216931217,0.262272927689594,0.0225351851851852,4.77416225749559,0.0949766313932981,1217.7557319224,K,1,90,16,ERA5_CHIRPS,1981,2019,5,120
AMZBR_0011,a0011,Amazon Polygon 0011,-53.5,-12.5,NA,NA,2,6,0.599319673617407,0.255952493200363,0.0254086854034451,4.85642792384406,0.0997787851314597,1223.12420670898,K,1,90,16,ERA5_CHIRPS,1981,2019,5,120
AMZBR_0012,a0012,Amazon Polygon 0012,-52.5,-12.5,NA,NA,2,6,0.612817371143214,0.240545211342964,0.0232944533618691,4.87788478687355,0.0945580524344569,1232.01533797039,K,1,90,16,ERA5_CHIRPS,1981,2019,5,120
AMZBR_0013,a0013,Amazon Polygon 0013,-64.5,-11.5,NA,NA,2,6,0.479828543080773,0.284419945311968,0.0166047393115583,4.81936043008105,0.100291496056211,1195.82545471844,K,1,90,16,ERA5_CHIRPS,1981,2019,5,30
AMZBR_0014,a0014,Amazon Polygon 0014,-63.5,-11.5,NA,NA,2,6,0.485,0.257,0.0158,4.9,0.106,1220,K,1,90,16,ERA5_CHIRPS,1981,2019,5,30
AMZBR_0015,a0015,Amazon Polygon 0015,-62.5,-11.5,NA,NA,2,6,0.501,0.249,0.0156,4.8,0.097,1280,K,1,90,16,ERA5_CHIRPS,1981,2019,5,30
AMZBR_0016,a0016,Amazon Polygon 0016,-61.5,-11.5,NA,NA,2,6,0.523848657024793,0.226321280991736,0.0169982954545455,4.49927685950413,0.124055785123967,1184.70041322314,K,1,90,16,ERA5_CHIRPS,1981,2019,5,30
AMZBR_0017,a0017,Amazon Polygon 0017,-60.5,-11.5,NA,NA,2,6,0.497783881692461,0.240416956240693,0.0196677284365722,4.45150152401207,0.126352349579395,1200.16621915694,K,1,90,16,ERA5_CHIRPS,1981,2019,5,30
AMZBR_0018,a0018,Amazon Polygon 0018,-58.5,-11.5,NA,NA,2,3,0.693155778355077,0.173519040956307,0.0190220585730911,4.49683832001874,0.093880134066002,1204.17132873688,K,1,90,16,ERA5_CHIRPS,1981,2019,5,30
AMZBR_0019,a0019,Amazon Polygon 0019,-57.5,-11.5,NA,NA,2,6,0.63242030075188,0.211000751879699,0.018783984962406,4.40165413533835,0.118276315789474,1200.62781954887,K,1,90,16,ERA5_CHIRPS,1981,2019,5,30
AMZBR_0020,a0020,Amazon Polygon 0020,-56.5,-11.5,NA,NA,2,6,0.57516957605985,0.227517278232989,0.018230067687923,4.47965799786249,0.108535447096544,1183.00320627004,K,1,90,15,ERA5_CHIRPS,1981,2019,5,30
AMZBR_0021,a0021,Amazon Polygon 0021,-55.5,-11.5,NA,NA,2,6,0.510825076502976,0.257880298023357,0.0184726919460603,4.49994209822324,0.0874274582138211,1220.57710949869,K,1,90,15,ERA5_CHIRPS,1981,2019,5,30
AMZBR_0022,a0022,Amazon Polygon 0022,-54.5,-11.5,NA,NA,2,6,0.487881694188864,0.278034703205448,0.0195147338426058,4.46274694902791,0.0922889434748252,1212.0752010889,K,1,90,16,ERA5_CHIRPS,1981,2019,5,40
AMZBR_0023,a0023,Amazon Polygon 0023,-53.5,-11.5,NA,NA,2,6,0.555425406611463,0.24867891830051,0.0224132015084607,4.54773858860616,0.10696034121807,1202.62595041515,K,1,90,16,ERA5_CHIRPS,1981,2019,5,60
AMZBR_0024,a0024,Amazon Polygon 0024,-52.5,-11.5,NA,NA,2,6,0.590901915708812,0.240373946360153,0.0237653256704981,4.7,0.0953348659003831,1219.11111111111,K,1,90,16,ERA5_CHIRPS,1981,2019,5,120
AMZBR_0025,a0025,Amazon Polygon 0025,-51.5,-11.5,NA,NA,2,6,0.570771587743732,0.269424592120971,0.0249384003183446,4.80632709908476,0.0955849582172702,1250.71627536809,K,1,90,15,ERA5_CHIRPS,1981,2019,5,30
AMZBR_0026,a0026,Amazon Polygon 0026,-70.5,-10.5,NA,NA,2,5,0.268586573884568,0.273290216946377,0.0155534588620549,5.11150225133033,0.137365534179288,1232.50511665984,K,1,90,16,ERA5_CHIRPS,1981,2019,5,40
AMZBR_0027,a0027,Amazon Polygon 0027,-69.5,-10.5,NA,NA,2,5,0.255309546902415,0.270967242632211,0.0138333107995789,4.98478570186679,0.108638683442099,1228.99132282708,K,1,90,16,ERA5_CHIRPS,1981,2019,5,30
AMZBR_0028,a0028,Amazon Polygon 0028,-68.5,-10.5,NA,NA,2,5,0.375535984392639,0.257547019074892,0.014790658312192,4.94065469673704,0.0907140872889422,1197.26259706581,K,1,90,16,ERA5_CHIRPS,1981,2019,5,30
AMZBR_0029,a0029,Amazon Polygon 0029,-67.5,-10.5,NA,NA,2,8,0.35,0.376,0.01775,4.9,0.091,1200,K,1,90,16,ERA5_CHIRPS,1981,2019,5,30
AMZBR_0030,a0030,Amazon Polygon 0030,-64.5,-10.5,NA,NA,2,6,0.529973709369025,0.283845602294455,0.0171866156787763,4.35984703632887,0.100737571701721,1192.34703632887,K,1,90,16,ERA5_CHIRPS,1981,2019,5,30
AMZBR_0031,a0031,Amazon Polygon 0031,-63.5,-10.5,NA,NA,2,8,0.432643394648829,0.299053929765886,0.0166405936454849,4.67403846153846,0.112194816053512,1210.72324414716,K,1,90,16,ERA5_CHIRPS,1981,2019,5,30
AMZBR_0032,a0032,Amazon Polygon 0032,-62.5,-10.5,NA,NA,2,6,0.494,0.243,0.016,4.7,0.105,1260,K,1,90,16,ERA5_CHIRPS,1981,2019,5,30
AMZBR_0033,a0033,Amazon Polygon 0033,-61.5,-10.5,NA,NA,2,6,0.49244186594181,0.238797371096574,0.014983443469425,4.43026238832619,0.111291163568836,1186.34065867886,K,1,90,14,ERA5_CHIRPS,1981,2019,5,30
AMZBR_0034,a0034,Amazon Polygon 0034,-60.5,-10.5,NA,NA,2,6,0.491073476702509,0.23670394265233,0.01958,4.50075268817204,0.163920788530466,1192.56630824373,K,1,90,14,ERA5_CHIRPS,1981,2019,5,30
AMZBR_0035,a0035,Amazon Polygon 0035,-59.5,-10.5,NA,NA,2,5,0.461174165897482,0.210466248712498,0.0178801675803811,4.24772576654593,0.127716360263101,1188.02454954436,K,1,90,16,ERA5_CHIRPS,1981,2019,5,30
AMZBR_0036,a0036,Amazon Polygon 0036,-58.5,-10.5,NA,NA,2,6,0.514599857223987,0.252289045767123,0.0188627956798313,4.21694322049529,0.13539388654222,1190.54806387158,K,1,90,16,ERA5_CHIRPS,1981,2019,5,30
AMZBR_0037,a0037,Amazon Polygon 0037,-57.5,-10.5,NA,NA,2,6,0.465125610607118,0.267740753663643,0.0236287508722959,4.52194696441033,0.153891835310537,1182.19818562456,K,1,90,16,ERA5_CHIRPS,1981,2019,5,30
AMZBR_0038,a0038,Amazon Polygon 0038,-56.5,-10.5,NA,NA,2,5,0.464903981264637,0.250442232630757,0.0205060109289617,4.61795472287276,0.125676034348165,1156.95940671351,K,1,90,15,ERA5_CHIRPS,1981,2019,5,30
AMZBR_0039,a0039,Amazon Polygon 0039,-55.5,-10.5,NA,NA,2,6,0.505,0.253,0.0235,4.7,0.103,1230,K,1,90,15,ERA5_CHIRPS,1981,2019,5,30
AMZBR_0040,a0040,Amazon Polygon 0040,-54.5,-10.5,NA,NA,2,5,0.393729058561898,0.264852853965901,0.0252414751667902,4.57464788732394,0.121721645663454,1179.52928094885,K,1,90,15,ERA5_CHIRPS,1981,2019,5,30
AMZBR_0041,a0041,Amazon Polygon 0041,-53.5,-10.5,NA,NA,2,5,0.401815985879695,0.245247932799796,0.0253594807000572,4.60263405422378,0.150477803500267,1194.09328244205,K,1,90,15,ERA5_CHIRPS,1981,2019,5,30
AMZBR_0042,a0042,Amazon Polygon 0042,-52.5,-10.5,NA,NA,2,5,0.399637471243974,0.242709380581886,0.0238326686745709,4.72583446003614,0.150625690337864,1210.92894080837,K,1,90,15,ERA5_CHIRPS,1981,2019,5,60
AMZBR_0043,a0043,Amazon Polygon 0043,-51.5,-10.5,NA,NA,2,6,0.618858166616901,0.205634219169901,0.0287937593311436,4.66846819946253,0.107021200358316,1230.14034040012,K,1,90,16,ERA5_CHIRPS,1981,2019,5,30
AMZBR_0044,a0044,Amazon Polygon 0044,-71.5,-9.5,NA,NA,2,5,0.2943,0.259934782608696,0.0158695652173913,4.95608695652174,0.112786956521739,1235.52173913043,K,1,90,16,ERA5_CHIRPS,1981,2019,5,120
AMZBR_0045,a0045,Amazon Polygon 0045,-70.5,-9.5,NA,NA,2,5,0.305387091805691,0.261167482153038,0.0162427374391191,5.02855481083927,0.136660936118321,1231.51185619382,K,1,90,16,ERA5_CHIRPS,1981,2019,5,30
AMZBR_0046,a0046,Amazon Polygon 0046,-69.5,-9.5,NA,NA,2,7,0.179644132168629,0.313389669578428,0.0173817698442841,4.66532472464869,0.112062666160273,1175.17280668439,K,1,90,16,ERA5_CHIRPS,1981,2019,5,60
AMZBR_0047,a0047,Amazon Polygon 0047,-68.5,-9.5,NA,NA,2,8,0.212696200292891,0.282547400081515,0.015953183856051,4.48167131689039,0.0964868885524467,1194.66360484659,K,1,90,16,ERA5_CHIRPS,1981,2019,5,30
AMZBR_0048,a0048,Amazon Polygon 0048,-67.5,-9.5,NA,NA,2,17,0.294,0.401,0.016,4.4,0.103,1210,K,1,90,16,ERA5_CHIRPS,1981,2019,5,30
AMZBR_0049,a0049,Amazon Polygon 0049,-66.5,-9.5,NA,NA,2,8,0.390965537390559,0.326264148863619,0.0155160579886473,4.10831258032794,0.110196527696416,1181.08181612982,K,1,90,15,ERA5_CHIRPS,1981,2019,5,30
AMZBR_0050,a0050,Amazon Polygon 0050,-65.5,-9.5,NA,NA,2,6,0.502480310179564,0.292924625920026,0.0149670508436175,4.08581239331415,0.0987440934990041,1196.04507161374,K,1,90,15,ERA5_CHIRPS,1981,2019,5,30
AMZBR_0051,a0051,Amazon Polygon 0051,-64.5,-9.5,NA,NA,2,6,0.494187799505387,0.312813945287714,0.0149187115745389,4.11208667279386,0.106490502680508,1191.6781646651,K,1,90,16,ERA5_CHIRPS,1981,2019,5,30
AMZBR_0052,a0052,Amazon Polygon 0052,-63.5,-9.5,NA,NA,2,5,0.422,0.228,0.0154,4.2,0.112,1190,K,1,90,16,ERA5_CHIRPS,1981,2019,5,30
AMZBR_0053,a0053,Amazon Polygon 0053,-62.5,-9.5,NA,NA,2,6,0.526723673792557,0.304761678543151,0.0146926365795724,4.13927157561362,0.135636579572447,1158.82026920032,K,1,90,16,ERA5_CHIRPS,1981,2019,5,30
AMZBR_0054,a0054,Amazon Polygon 0054,-61.5,-9.5,NA,NA,2,6,0.475837709065701,0.29394519942737,0.015715992691971,4.3700175457831,0.116479974835913,1164.29444036872,K,1,90,14,ERA5_CHIRPS,1981,2019,5,30
AMZBR_0055,a0055,Amazon Polygon 0055,-60.5,-9.5,NA,NA,2,5,0.447614974910265,0.253068502357162,0.01506097630202,4.41817571496863,0.118908089626355,1188.45530971388,K,1,90,14,ERA5_CHIRPS,1981,2019,5,30
AMZBR_0056,a0056,Amazon Polygon 0056,-59.5,-9.5,NA,NA,2,8,0.436,0.293,0.0156,4.4,0.119,1190,K,1,90,16,ERA5_CHIRPS,1981,2019,5,30
AMZBR_0057,a0057,Amazon Polygon 0057,-58.5,-9.5,NA,NA,2,8,0.373190780945213,0.311429482796364,0.0175689428738517,4.2942220707985,0.0995860169035956,1174.96904734837,K,1,90,16,ERA5_CHIRPS,1981,2019,5,30
AMZBR_0058,a0058,Amazon Polygon 0058,-57.5,-9.5,NA,NA,2,8,0.307440996390111,0.317666280594289,0.0225546361273277,4.21207162666504,0.119468748654608,1167.99140995435,K,1,90,16,ERA5_CHIRPS,1981,2019,5,30
AMZBR_0059,a0059,Amazon Polygon 0059,-56.5,-9.5,NA,NA,2,6,0.506473550552617,0.24092955085447,0.0195003808627664,4.56988751127002,0.117750887984349,1147.19256543143,K,1,90,15,ERA5_CHIRPS,1981,2019,5,30
AMZBR_0060,a0060,Amazon Polygon 0060,-55.5,-9.5,NA,NA,2,8,0.361656974459725,0.309918271119843,0.0260042043222004,4.72495088408644,0.127231827111984,1144.39685658153,K,1,90,15,ERA5_CHIRPS,1981,2019,5,30
AMZBR_0061,a0061,Amazon Polygon 0061,-54.5,-9.5,NA,NA,2,8,0.349,0.362,0.025,4.7,0.11,1170,K,1,90,15,ERA5_CHIRPS,1981,2019,5,30
AMZBR_0062,a0062,Amazon Polygon 0062,-53.5,-9.5,NA,NA,2,5,0.349855406244037,0.264574030049878,0.0247361279049624,4.79534808484788,0.114095044355591,1180.68561139773,K,1,90,15,ERA5_CHIRPS,1981,2019,5,30
AMZBR_0063,a0063,Amazon Polygon 0063,-52.5,-9.5,NA,NA,2,5,0.33865035510691,0.261535925271796,0.0256825678221337,4.87961449338954,0.129706389892549,1199.54266478572,K,1,90,15,ERA5_CHIRPS,1981,2019,5,30
AMZBR_0064,a0064,Amazon Polygon 0064,-51.5,-9.5,NA,NA,2,6,0.498,0.268,0.0245,4.9,0.104,1240,K,1,90,16,ERA5_CHIRPS,1981,2019,5,30
AMZBR_0065,a0065,Amazon Polygon 0065,-50.5,-9.5,NA,NA,2,6,0.525777332900562,0.208962055089023,0.0241504218658141,4.83680823227603,0.101601278318499,1216.26059760822,K,1,90,16,ERA5_CHIRPS,1981,2019,5,30
AMZBR_0066,a0066,Amazon Polygon 0066,-72.5,-8.5,NA,NA,2,8,0.308196101665935,0.278748366544917,0.0183815152392838,4.86620001626734,0.134061153724777,1229.3862292831,K,1,90,16,ERA5_CHIRPS,1981,2019,5,60
AMZBR_0067,a0067,Amazon Polygon 0067,-71.5,-8.5,NA,NA,2,8,0.264883241943049,0.300300623375535,0.0162334923811684,5.03047408913002,0.119286187412714,1219.72116159341,K,1,90,16,ERA5_CHIRPS,1981,2019,5,30
AMZBR_0068,a0068,Amazon Polygon 0068,-70.5,-8.5,NA,NA,2,5,0.234465406275141,0.272731697506034,0.0144447304907482,4.65398230088496,0.125496781979083,1213.52373290426,K,1,90,16,ERA5_CHIRPS,1981,2019,5,40
AMZBR_0069,a0069,Amazon Polygon 0069,-69.5,-8.5,NA,NA,2,17,0.195,0.475,0.0187,4.5,0.129,1180,K,1,90,16,ERA5_CHIRPS,1981,2019,5,30
AMZBR_0070,a0070,Amazon Polygon 0070,-68.5,-8.5,NA,NA,2,8,0.284172835164074,0.310147088504925,0.0167848071918792,4.19720324027838,0.125654576915696,1182.77061513042,K,1,90,16,ERA5_CHIRPS,1981,2019,5,30
AMZBR_0071,a0071,Amazon Polygon 0071,-67.5,-8.5,NA,NA,2,8,0.292415094339623,0.280952830188679,0.0174801886792453,4.00471698113208,0.128358490566038,1180,K,1,90,16,ERA5_CHIRPS,1981,2019,5,60
AMZBR_0072,a0072,Amazon Polygon 0072,-66.5,-8.5,NA,NA,2,5,0.333994414551417,0.273713230915524,0.0166014804391806,4.00638898330226,0.124824917685918,1182.2743102262,K,1,90,16,ERA5_CHIRPS,1981,2019,5,30
AMZBR_0073,a0073,Amazon Polygon 0073,-65.5,-8.5,NA,NA,2,5,0.391689886228156,0.270636335410864,0.016295352637965,4.07896382826861,0.126661592497729,1179.22209455998,K,1,90,16,ERA5_CHIRPS,1981,2019,5,30
AMZBR_0074,a0074,Amazon Polygon 0074,-64.5,-8.5,NA,NA,2,8,0.275761382799325,0.305858347386172,0.0152971753794266,4.03537099494098,0.131158094435076,1168.42327150084,K,1,90,16,ERA5_CHIRPS,1981,2019,5,60
AMZBR_0075,a0075,Amazon Polygon 0075,-63.5,-8.5,NA,NA,2,5,0.446589841795909,0.230337786650386,0.0158791607766828,4.09768862141198,0.136847354038952,1157.19072304322,K,1,90,16,ERA5_CHIRPS,1981,2019,5,30
AMZBR_0076,a0076,Amazon Polygon 0076,-62.5,-8.5,NA,NA,2,6,0.485391852708602,0.303511448010119,0.0159982613780063,4.07286673656322,0.142600464137334,1155.32594619365,K,1,90,16,ERA5_CHIRPS,1981,2019,5,30
AMZBR_0077,a0077,Amazon Polygon 0077,-61.5,-8.5,NA,NA,2,8,0.39032962633452,0.345288256227758,0.0164452846975089,4.03171708185053,0.159075622775801,1152.02846975089,K,1,90,16,ERA5_CHIRPS,1981,2019,5,30
AMZBR_0078,a0078,Amazon Polygon 0078,-60.5,-8.5,NA,NA,2,8,0.449616911764706,0.296716911764706,0.0162023897058824,4.20419117647059,0.125605882352941,1148.41544117647,K,1,90,16,ERA5_CHIRPS,1981,2019,5,30
AMZBR_0079,a0079,Amazon Polygon 0079,-59.5,-8.5,NA,NA,2,8,0.430033564013841,0.302976124567474,0.0164828719723183,4.30847750865052,0.119707958477509,1179.83737024221,K,1,90,16,ERA5_CHIRPS,1981,2019,5,30
AMZBR_0080,a0080,Amazon Polygon 0080,-58.5,-8.5,NA,NA,2,8,0.394577675922117,0.296017847845743,0.0219717984785969,4.16831558112525,0.111375879436032,1158.48458933164,K,1,90,16,ERA5_CHIRPS,1981,2019,5,30
AMZBR_0081,a0081,Amazon Polygon 0081,-57.5,-8.5,NA,NA,2,8,0.315638539518452,0.296398497272827,0.0217040873252256,4.25230282100439,0.125653331708667,1186.68046425431,K,1,90,16,ERA5_CHIRPS,1981,2019,5,30
AMZBR_0082,a0082,Amazon Polygon 0082,-56.5,-8.5,NA,NA,2,6,0.483814907575956,0.273005780648467,0.020767937415412,4.37064210130148,0.124972786107768,1144.58596627468,K,1,90,16,ERA5_CHIRPS,1981,2019,5,30
AMZBR_0083,a0083,Amazon Polygon 0083,-55.5,-8.5,NA,NA,2,8,0.421587032842893,0.290319392737938,0.0241565207003981,4.52127644933888,0.126940318506445,1121.21486336916,K,1,90,16,ERA5_CHIRPS,1981,2019,5,30
AMZBR_0084,a0084,Amazon Polygon 0084,-54.5,-8.5,NA,NA,2,5,0.458282146473169,0.246636854539318,0.0201726628417145,4.65366182922713,0.111901788727641,1171.96085048937,K,1,90,16,ERA5_CHIRPS,1981,2019,5,30
AMZBR_0085,a0085,Amazon Polygon 0085,-53.5,-8.5,NA,NA,2,5,0.431616948300138,0.244417809042943,0.0215428077825752,4.86602068162482,0.112193635844849,1174.86039365359,K,1,90,16,ERA5_CHIRPS,1981,2019,5,30
AMZBR_0086,a0086,Amazon Polygon 0086,-52.5,-8.5,NA,NA,2,8,0.308990110529378,0.277067481093659,0.0239304828388598,4.89464805119255,0.109695753344968,1182.61780104712,K,1,90,16,ERA5_CHIRPS,1981,2019,5,30
AMZBR_0087,a0087,Amazon Polygon 0087,-51.5,-8.5,NA,NA,2,8,0.406,0.338,0.0222,4.9,0.108,1200,K,1,90,15,ERA5_CHIRPS,1981,2019,5,30
AMZBR_0088,a0088,Amazon Polygon 0088,-50.5,-8.5,NA,NA,2,6,0.4685,0.295,0.0185,4.9,0.1,1240,K,1,90,15,ERA5_CHIRPS,1981,2019,5,30
AMZBR_0089,a0089,Amazon Polygon 0089,-49.5,-8.5,NA,NA,2,8,0.431,0.339,0.0169,5,0.092,1230,K,1,90,15,ERA5_CHIRPS,1981,2019,5,30
AMZBR_0090,a0090,Amazon Polygon 0090,-73.5,-7.5,NA,NA,2,8,0.391,0.324,0.0224,4.5,0.136,1230,K,1,90,16,ERA5_CHIRPS,1981,2019,5,60
AMZBR_0091,a0091,Amazon Polygon 0091,-72.5,-7.5,NA,NA,2,5,0.444441610513001,0.204659918732888,0.0266572703059183,4.3666707129805,0.118013108343385,1215.66088118286,K,1,90,16,ERA5_CHIRPS,1981,2019,5,60
AMZBR_0092,a0092,Amazon Polygon 0092,-71.5,-7.5,NA,NA,2,5,0.386658737850952,0.272557957864953,0.0199268460635044,4.31066929344001,0.124357484483654,1219.21429426263,K,1,90,16,ERA5_CHIRPS,1981,2019,5,60
AMZBR_0093,a0093,Amazon Polygon 0093,-70.5,-7.5,NA,NA,2,5,0.366125589077417,0.253766524780332,0.0181243697535265,4.48917334601188,0.136852753442216,1221.44094531756,K,1,90,16,ERA5_CHIRPS,1981,2019,5,60
AMZBR_0094,a0094,Amazon Polygon 0094,-69.5,-7.5,NA,NA,2,8,0.253972444637277,0.312403365737154,0.0178998208380468,4.34265742362901,0.136120903769662,1182.20953369047,K,1,90,16,ERA5_CHIRPS,1981,2019,5,30
AMZBR_0095,a0095,Amazon Polygon 0095,-68.5,-7.5,NA,NA,2,8,0.200743368179314,0.301632325090516,0.0172303795472488,4.22280023851364,0.137691803984821,1181.03801223613,K,1,90,16,ERA5_CHIRPS,1981,2019,5,30
AMZBR_0096,a0096,Amazon Polygon 0096,-67.5,-7.5,NA,NA,2,5,0.381922800638101,0.255151761226465,0.0196085375387342,4.09823179411313,0.135412690661849,1175.34945814459,K,1,90,16,ERA5_CHIRPS,1981,2019,5,60
AMZBR_0097,a0097,Amazon Polygon 0097,-66.5,-7.5,NA,NA,2,5,0.348184485006519,0.23294035202086,0.024803520208605,4.04439374185137,0.191614732724902,1177.87157757497,K,1,90,16,ERA5_CHIRPS,1981,2019,5,120
AMZBR_0098,a0098,Amazon Polygon 0098,-65.5,-7.5,NA,NA,2,8,0.308420070011669,0.321481135744846,0.0307659665499806,3.96472189809413,0.169152080902373,1180.05056398289,K,1,90,16,ERA5_CHIRPS,1981,2019,5,120
AMZBR_0099,a0099,Amazon Polygon 0099,-64.5,-7.5,NA,NA,2,5,0.351106795659845,0.254051741535766,0.0203675119637823,4.07047266919123,0.136158306477854,1174.39542714777,K,1,90,16,ERA5_CHIRPS,1981,2019,5,60
AMZBR_0100,a0100,Amazon Polygon 0100,-63.5,-7.5,NA,NA,2,5,0.348967213114754,0.26909079445145,0.0190341740226986,4.06746532156368,0.141581336696091,1157.49054224464,K,1,90,16,ERA5_CHIRPS,1981,2019,5,60
AMZBR_0101,a0101,Amazon Polygon 0101,-62.5,-7.5,NA,NA,2,5,0.378444493006993,0.260364073426573,0.0191657342657343,3.94291958041958,0.134450174825175,1164.74213286713,K,1,90,16,ERA5_CHIRPS,1981,2019,5,40
AMZBR_0102,a0102,Amazon Polygon 0102,-61.5,-7.5,NA,NA,2,6,0.453149367351377,0.28299968276548,0.0227161959982204,3.88057940082181,0.151093734890761,1143.15157711345,K,1,90,16,ERA5_CHIRPS,1981,2019,5,30
AMZBR_0103,a0103,Amazon Polygon 0103,-60.5,-7.5,NA,NA,2,8,0.373584675406836,0.329590782847593,0.0207403994178037,3.96982038909162,0.145212434772781,1148.79399666279,K,1,90,16,ERA5_CHIRPS,1981,2019,5,30
AMZBR_0104,a0104,Amazon Polygon 0104,-59.5,-7.5,NA,NA,2,8,0.405411632262946,0.327696254382808,0.018126229491516,4.09238941624413,0.110656700148928,1151.25093690372,K,1,90,16,ERA5_CHIRPS,1981,2019,5,30
AMZBR_0105,a0105,Amazon Polygon 0105,-58.5,-7.5,NA,NA,2,8,0.428718387571201,0.29752014655824,0.0203812926641996,4.06013174998406,0.114318209045183,1142.86488831388,K,1,90,16,ERA5_CHIRPS,1981,2019,5,30
AMZBR_0106,a0106,Amazon Polygon 0106,-57.5,-7.5,NA,NA,2,6,0.472673811569476,0.27488861900762,0.0187833172623552,4.1798953546306,0.11831492959481,1142.06634486178,K,1,90,16,ERA5_CHIRPS,1981,2019,5,30
AMZBR_0107,a0107,Amazon Polygon 0107,-56.5,-7.5,NA,NA,2,6,0.500921888020872,0.288057685256937,0.0208270270845811,4.2068280147721,0.12062062271103,1146.91242218899,K,1,90,16,ERA5_CHIRPS,1981,2019,5,30
AMZBR_0108,a0108,Amazon Polygon 0108,-55.5,-7.5,NA,NA,2,6,0.502766601941748,0.260951067961165,0.0187345242718447,4.44784466019418,0.126612815533981,1148.86990291262,K,1,90,16,ERA5_CHIRPS,1981,2019,5,30
AMZBR_0109,a0109,Amazon Polygon 0109,-54.5,-7.5,NA,NA,2,8,0.448037156462829,0.279485268453837,0.0204603661946344,4.58734200570774,0.123710238224751,1141.20139248498,K,1,90,16,ERA5_CHIRPS,1981,2019,5,30
AMZBR_0110,a0110,Amazon Polygon 0110,-53.5,-7.5,NA,NA,2,5,0.405870414394448,0.272369805154135,0.023213342243383,4.74567721897063,0.121075053077005,1161.26218937101,K,1,90,16,ERA5_CHIRPS,1981,2019,5,30
AMZBR_0111,a0111,Amazon Polygon 0111,-52.5,-7.5,NA,NA,2,5,0.423161031407032,0.260672216314762,0.0215711442273108,4.91259080863187,0.123516537823892,1174.36324277597,K,1,90,15,ERA5_CHIRPS,1981,2019,5,30
AMZBR_0112,a0112,Amazon Polygon 0112,-51.5,-7.5,NA,NA,2,5,0.41030231838826,0.239494717325198,0.0220526448879972,4.92635660676482,0.126257567676888,1171.95394064303,K,1,90,15,ERA5_CHIRPS,1981,2019,5,30
AMZBR_0113,a0113,Amazon Polygon 0113,-50.5,-7.5,NA,NA,2,5,0.412344678552134,0.26009508373852,0.0203463533225284,4.9,0.116281469475959,1174.65694219341,K,1,90,15,ERA5_CHIRPS,1981,2019,5,30
AMZBR_0114,a0114,Amazon Polygon 0114,-49.5,-7.5,NA,NA,2,8,0.419,0.312,0.0186,5,0.091,1240,K,1,90,15,ERA5_CHIRPS,1981,2019,5,30
AMZBR_0115,a0115,Amazon Polygon 0115,-72.5,-6.5,NA,NA,2,8,0.345939206079485,0.303633795622216,0.0243704137723336,4.17603294844803,0.150050279166451,1196.53872861361,K,1,90,16,ERA5_CHIRPS,1981,2019,5,60
AMZBR_0116,a0116,Amazon Polygon 0116,-71.5,-6.5,NA,NA,2,8,0.365716493645615,0.300526175467609,0.0226478336799038,4.22261301260796,0.147174307282635,1182.35775502717,K,1,90,16,ERA5_CHIRPS,1981,2019,5,60
AMZBR_0117,a0117,Amazon Polygon 0117,-70.5,-6.5,NA,NA,2,8,0.305412541254125,0.315392326732673,0.0216017326732673,4.21839933993399,0.150901402640264,1205.20627062706,K,1,90,16,ERA5_CHIRPS,1981,2019,5,60
AMZBR_0118,a0118,Amazon Polygon 0118,-69.5,-6.5,NA,NA,2,8,0.34921965818152,0.289604052229818,0.0203178301890008,4.18135129314014,0.145573370106932,1184.21751984388,K,1,90,16,ERA5_CHIRPS,1981,2019,5,60
AMZBR_0119,a0119,Amazon Polygon 0119,-68.5,-6.5,NA,NA,2,5,0.348604688763137,0.253696038803557,0.0206685529506871,4.08164915117219,0.167421180274859,1176.0064672595,K,1,90,16,ERA5_CHIRPS,1981,2019,5,60
AMZBR_0120,a0120,Amazon Polygon 0120,-67.5,-6.5,NA,NA,2,5,0.365728348805189,0.260591566985573,0.0227778287695533,4.02753760229251,0.14967491544859,1183.13628939597,K,1,90,16,ERA5_CHIRPS,1981,2019,5,60
AMZBR_0121,a0121,Amazon Polygon 0121,-66.5,-6.5,NA,NA,2,8,0.363994422005904,0.287466842724147,0.0256279680184059,4.03136513463336,0.162374574213007,1172.78109534152,K,1,90,16,ERA5_CHIRPS,1981,2019,5,60
AMZBR_0122,a0122,Amazon Polygon 0122,-65.5,-6.5,NA,NA,2,8,0.289125427594071,0.328168757126568,0.0314795515013303,3.91022424933485,0.261543139490688,1155.68985176739,K,1,90,16,ERA5_CHIRPS,1981,2019,5,40
AMZBR_0123,a0123,Amazon Polygon 0123,-64.5,-6.5,NA,NA,2,8,0.249266584145497,0.284162360328903,0.020971189741879,4.08993166317843,0.14584038391267,1174.72197515196,K,1,90,16,ERA5_CHIRPS,1981,2019,5,40
AMZBR_0124,a0124,Amazon Polygon 0124,-63.5,-6.5,NA,NA,2,7,0.196579547290917,0.275370295899876,0.0199282736771132,4.11996596514939,0.150321114510502,1171.63357395483,K,1,90,16,ERA5_CHIRPS,1981,2019,5,40
AMZBR_0125,a0125,Amazon Polygon 0125,-62.5,-6.5,NA,NA,2,5,0.244662535410765,0.274032577903683,0.0191499291784703,4.13445467422096,0.117794971671388,1159.95042492918,K,1,90,16,ERA5_CHIRPS,1981,2019,5,40
AMZBR_0126,a0126,Amazon Polygon 0126,-61.5,-6.5,NA,NA,2,3,0.560114285714286,0.1922,0.0275228571428571,3.88285714285714,0.1474,1111.71428571429,K,1,90,16,ERA5_CHIRPS,1981,2019,5,120
AMZBR_0127,a0127,Amazon Polygon 0127,-60.5,-6.5,NA,NA,2,8,0.388485111813259,0.358129854186806,0.0245543343694118,3.92201855126991,0.129592882908742,1138.78255735462,K,1,90,16,ERA5_CHIRPS,1981,2019,5,30
AMZBR_0128,a0128,Amazon Polygon 0128,-59.5,-6.5,NA,NA,2,8,0.329346531302876,0.337793570219966,0.0191165143824027,4.04602368866328,0.109199323181049,1143.87140439932,K,1,90,16,ERA5_CHIRPS,1981,2019,5,30
AMZBR_0129,a0129,Amazon Polygon 0129,-58.5,-6.5,NA,NA,2,8,0.401046897022193,0.331684073736919,0.0208013602676036,4.02297069725274,0.107369580881748,1162.37055629501,K,1,90,16,ERA5_CHIRPS,1981,2019,5,30
AMZBR_0130,a0130,Amazon Polygon 0130,-57.5,-6.5,NA,NA,2,8,0.402082448308531,0.329085118646906,0.0205117771282756,4.05679704007993,0.120642426752595,1147.70319656278,K,1,90,16,ERA5_CHIRPS,1981,2019,5,30
AMZBR_0131,a0131,Amazon Polygon 0131,-56.5,-6.5,NA,NA,2,8,0.403477622136805,0.311749766298696,0.0207805693787863,4.07391789389225,0.135365797214032,1141.82167733301,K,1,90,15,ERA5_CHIRPS,1981,2019,5,30
AMZBR_0132,a0132,Amazon Polygon 0132,-55.5,-6.5,NA,NA,2,8,0.315060023085802,0.307880723355137,0.021293420546364,4.02181608310889,0.15152558676414,1134.78260869565,K,1,90,15,ERA5_CHIRPS,1981,2019,5,30
AMZBR_0133,a0133,Amazon Polygon 0133,-54.5,-6.5,NA,NA,2,5,0.472456509042975,0.232519024079735,0.0184966023346652,4.39294157816014,0.120887602741927,1139.14116702345,K,1,90,15,ERA5_CHIRPS,1981,2019,5,30
AMZBR_0134,a0134,Amazon Polygon 0134,-53.5,-6.5,NA,NA,2,5,0.433865380282771,0.260146140656473,0.020582968267837,4.68518820884446,0.114179586990585,1161.35344960581,K,1,90,15,ERA5_CHIRPS,1981,2019,5,30
AMZBR_0135,a0135,Amazon Polygon 0135,-52.5,-6.5,NA,NA,2,8,0.398,0.302,0.0219,4.7,0.106,1170,K,1,90,15,ERA5_CHIRPS,1981,2019,5,30
AMZBR_0136,a0136,Amazon Polygon 0136,-51.5,-6.5,NA,NA,2,8,0.399,0.3,0.0223,4.7,0.11,1200,K,1,90,15,ERA5_CHIRPS,1981,2019,5,30
AMZBR_0137,a0137,Amazon Polygon 0137,-50.5,-6.5,NA,NA,2,8,0.375477076859613,0.293679840673366,0.0243680114404698,4.8353155320134,0.117020456632055,1162.96801551463,K,1,90,15,ERA5_CHIRPS,1981,2019,5,30
AMZBR_0138,a0138,Amazon Polygon 0138,-49.5,-6.5,NA,NA,2,8,0.41,0.305,0.0195,4.9,0.102,1240,K,1,90,14,ERA5_CHIRPS,1981,2019,5,30
AMZBR_0139,a0139,Amazon Polygon 0139,-48.5,-6.5,NA,NA,2,8,0.438,0.295,0.0163,5,0.084,1250,K,1,90,14,ERA5_CHIRPS,1981,2019,5,30
AMZBR_0140,a0140,Amazon Polygon 0140,-72.5,-5.5,NA,NA,2,8,0.316631318267378,0.293731070052168,0.0212564050324336,4.03435012014072,0.133540200221238,1204.23283989838,K,1,90,16,ERA5_CHIRPS,1981,2019,5,60
AMZBR_0141,a0141,Amazon Polygon 0141,-71.5,-5.5,NA,NA,2,8,0.261831067264059,0.331674853274107,0.0242969500923943,4.13961911542858,0.144168750466063,1175.89916503948,K,1,90,16,ERA5_CHIRPS,1981,2019,5,30
AMZBR_0142,a0142,Amazon Polygon 0142,-70.5,-5.5,NA,NA,2,8,0.343382487520799,0.321202787021631,0.0223361064891847,4.14968801996672,0.135537853577371,1182.25457570715,K,1,90,16,ERA5_CHIRPS,1981,2019,5,120
AMZBR_0143,a0143,Amazon Polygon 0143,-69.5,-5.5,NA,NA,2,8,0.274067385416902,0.372217615069417,0.0230286438385721,4.12630420864217,0.1318701219462,1184.8735444809,K,1,90,16,ERA5_CHIRPS,1981,2019,5,30
AMZBR_0144,a0144,Amazon Polygon 0144,-68.5,-5.5,NA,NA,2,8,0.376389945078158,0.339515842839037,0.0280085762568652,4.00566117448247,0.167994930291508,1190.59146599071,K,1,90,16,ERA5_CHIRPS,1981,2019,5,120
AMZBR_0145,a0145,Amazon Polygon 0145,-67.5,-5.5,NA,NA,2,8,0.356222727272727,0.306647159090909,0.0269543181818182,4.03232954545455,0.150550568181818,1144.60227272727,K,1,90,16,ERA5_CHIRPS,1981,2019,5,60
AMZBR_0146,a0146,Amazon Polygon 0146,-66.5,-5.5,NA,NA,2,8,0.371920323009405,0.315239792837457,0.0268064244874011,4.08748153937897,0.153513564625017,1163.25080116365,K,1,90,16,ERA5_CHIRPS,1981,2019,5,60
AMZBR_0147,a0147,Amazon Polygon 0147,-65.5,-5.5,NA,NA,2,8,0.320175685557587,0.328858500914077,0.0264373126142596,4.2209689213894,0.152609140767825,1175.46252285192,K,1,90,16,ERA5_CHIRPS,1981,2019,5,120
AMZBR_0148,a0148,Amazon Polygon 0148,-64.5,-5.5,NA,NA,2,17,0.19,0.501,0.0244,4.1,0.15,1180,K,1,90,16,ERA5_CHIRPS,1981,2019,5,120
AMZBR_0149,a0149,Amazon Polygon 0149,-63.5,-5.5,NA,NA,2,17,0.151,0.531,0.021,4.2,0.148,1180,K,1,90,16,ERA5_CHIRPS,1981,2019,5,60
AMZBR_0150,a0150,Amazon Polygon 0150,-62.5,-5.5,NA,NA,2,7,0.162319696146734,0.283881096617385,0.02113330578884,4.10775040297384,0.137642820829614,1171.37074442068,K,1,90,16,ERA5_CHIRPS,1981,2019,5,60
AMZBR_0151,a0151,Amazon Polygon 0151,-61.5,-5.5,NA,NA,2,17,0.231,0.456,0.0193,4,0.114,1170,K,1,90,16,ERA5_CHIRPS,1981,2019,5,30
AMZBR_0152,a0152,Amazon Polygon 0152,-60.5,-5.5,NA,NA,2,8,0.341970195896916,0.374434081407434,0.020952469499411,3.94210630242548,0.116940004238079,1151.01613736737,K,1,90,16,ERA5_CHIRPS,1981,2019,5,30
AMZBR_0153,a0153,Amazon Polygon 0153,-59.5,-5.5,NA,NA,2,8,0.232390243902439,0.348792682926829,0.0172573170731707,4.04268292682927,0.110219512195122,1142.19512195122,K,1,90,16,ERA5_CHIRPS,1981,2019,5,40
AMZBR_0154,a0154,Amazon Polygon 0154,-58.5,-5.5,NA,NA,2,8,0.367328599477271,0.346718543401378,0.0163035298076339,4.16878166280633,0.105175781723714,1141.87391642773,K,1,90,16,ERA5_CHIRPS,1981,2019,5,30
AMZBR_0155,a0155,Amazon Polygon 0155,-57.5,-5.5,NA,NA,2,8,0.357098701250047,0.3620339573164,0.0193660672959784,4.19626448101776,0.112960418923554,1149.06354993779,K,1,90,16,ERA5_CHIRPS,1981,2019,5,30
AMZBR_0156,a0156,Amazon Polygon 0156,-56.5,-5.5,NA,NA,2,8,0.34612741653184,0.3127191263931,0.0202685715388804,4.02263168324212,0.137436727117829,1138.13882752506,K,1,90,15,ERA5_CHIRPS,1981,2019,5,30
AMZBR_0157,a0157,Amazon Polygon 0157,-55.5,-5.5,NA,NA,2,8,0.278051742100947,0.33339098713427,0.0196052091300199,4.09188828089866,0.140839386752368,1140.87748074938,K,1,90,15,ERA5_CHIRPS,1981,2019,5,30
AMZBR_0158,a0158,Amazon Polygon 0158,-54.5,-5.5,NA,NA,2,8,0.39464608371322,0.283622461665976,0.0203793203481144,4.24243680066308,0.117186904268545,1158.15167840862,K,1,90,15,ERA5_CHIRPS,1981,2019,5,30
AMZBR_0159,a0159,Amazon Polygon 0159,-53.5,-5.5,NA,NA,2,8,0.394302088079942,0.287042205311682,0.0185841949886112,4.44558374069444,0.104233757115698,1159.35239376196,K,1,90,15,ERA5_CHIRPS,1981,2019,5,30
AMZBR_0160,a0160,Amazon Polygon 0160,-52.5,-5.5,NA,NA,2,8,0.398610950414417,0.285193127551434,0.0168288526619137,4.49620860509732,0.0943560255317985,1160.68634924208,K,1,90,15,ERA5_CHIRPS,1981,2019,5,30
AMZBR_0161,a0161,Amazon Polygon 0161,-51.5,-5.5,NA,NA,2,8,0.422262532563853,0.301807108592407,0.0167985824585007,4.4886403343559,0.0944742243282384,1159.71514316469,K,1,90,15,ERA5_CHIRPS,1981,2019,5,30
AMZBR_0162,a0162,Amazon Polygon 0162,-50.5,-5.5,NA,NA,2,8,0.370207576953433,0.318092344119968,0.0235119968429361,4.78003157063931,0.117884767166535,1167.6637726914,K,1,90,15,ERA5_CHIRPS,1981,2019,5,30
AMZBR_0163,a0163,Amazon Polygon 0163,-49.5,-5.5,NA,NA,2,8,0.428,0.3,0.0182,4.7,0.096,1200,K,1,90,14,ERA5_CHIRPS,1981,2019,5,30
AMZBR_0164,a0164,Amazon Polygon 0164,-48.5,-5.5,NA,NA,2,8,0.449983009708738,0.306681692094313,0.018595665742025,4.73065187239945,0.0946463245492372,1188.93203883495,K,1,90,14,ERA5_CHIRPS,1981,2019,5,30
AMZBR_0165,a0165,Amazon Polygon 0165,-71.5,-4.5,NA,NA,2,17,0.172,0.46,0.0438,4.2,0.119,1180,K,1,90,16,ERA5_CHIRPS,1981,2019,5,60
AMZBR_0166,a0166,Amazon Polygon 0166,-70.5,-4.5,NA,NA,2,7,0.180844339539162,0.326875672395628,0.0378916021208374,4.25120446069311,0.119021785409909,1183.58017266654,K,1,90,16,ERA5_CHIRPS,1981,2019,5,60
AMZBR_0167,a0167,Amazon Polygon 0167,-69.5,-4.5,NA,NA,2,8,0.273516734693877,0.343818775510204,0.0231362448979592,4.19681632653061,0.121054285714286,1186.53469387755,K,1,90,16,ERA5_CHIRPS,1981,2019,5,60
AMZBR_0168,a0168,Amazon Polygon 0168,-68.5,-4.5,NA,NA,2,8,0.342060798209623,0.358166728832525,0.0194925400969787,4.27907497202536,0.12147034688549,1193.32711674748,K,1,90,16,ERA5_CHIRPS,1981,2019,5,60
AMZBR_0169,a0169,Amazon Polygon 0169,-67.5,-4.5,NA,NA,2,8,0.348771046735434,0.306365616648273,0.0239883688631256,4.10847593744122,0.141212122899216,1154.67484644238,K,1,90,16,ERA5_CHIRPS,1981,2019,5,60
AMZBR_0170,a0170,Amazon Polygon 0170,-66.5,-4.5,NA,NA,2,8,0.324960698490132,0.3012612351484,0.0265792256374342,4.20402743720121,0.142542745427422,1141.99287086459,K,1,90,16,ERA5_CHIRPS,1981,2019,5,60
AMZBR_0171,a0171,Amazon Polygon 0171,-65.5,-4.5,NA,NA,2,8,0.282513583441138,0.297124838292367,0.0212324062095731,3.95873221216041,0.128265847347995,1179.42432082794,K,1,90,16,ERA5_CHIRPS,1981,2019,5,60
AMZBR_0172,a0172,Amazon Polygon 0172,-64.5,-4.5,NA,NA,2,7,0.19746709470305,0.290691813804173,0.01776886035313,3.97512038523274,0.137132423756019,1192.31942215088,K,1,90,16,ERA5_CHIRPS,1981,2019,5,40
AMZBR_0173,a0173,Amazon Polygon 0173,-63.5,-4.5,NA,NA,2,7,0.126954475308642,0.292680941358025,0.0181841820987654,3.78769290123457,0.126659722222222,1189.32098765432,K,1,90,16,ERA5_CHIRPS,1981,2019,5,60
AMZBR_0174,a0174,Amazon Polygon 0174,-62.5,-4.5,NA,NA,2,4,0.163475716064757,0.273605230386052,0.0177661270236613,4.15230386052304,0.136013698630137,1161.02117061021,K,1,90,16,ERA5_CHIRPS,1981,2019,5,40
AMZBR_0175,a0175,Amazon Polygon 0175,-61.5,-4.5,NA,NA,2,7,0.13280727212721,0.302809712941324,0.0262820949943889,3.94619143567497,0.113322670499445,1165.89946168109,K,1,90,16,ERA5_CHIRPS,1981,2019,5,60
AMZBR_0176,a0176,Amazon Polygon 0176,-60.5,-4.5,NA,NA,2,7,0.179919421487603,0.312974690082645,0.0183882747933884,4.09395661157025,0.127867768595041,1160.86260330579,K,1,90,16,ERA5_CHIRPS,1981,2019,5,60
AMZBR_0177,a0177,Amazon Polygon 0177,-59.5,-4.5,NA,NA,2,8,0.336,0.318,0.0166,4.1,0.105,1190,K,1,90,16,ERA5_CHIRPS,1981,2019,5,30
AMZBR_0178,a0178,Amazon Polygon 0178,-58.5,-4.5,NA,NA,2,8,0.321262204059056,0.375463295514598,0.0144652699143677,4.09469339482078,0.104014310235251,1156.80443887106,K,1,90,16,ERA5_CHIRPS,1981,2019,5,30
AMZBR_0179,a0179,Amazon Polygon 0179,-57.5,-4.5,NA,NA,2,8,0.415331305303557,0.366601371168554,0.0171815995710085,4.11656375020538,0.104339695117783,1157.63684320586,K,1,90,16,ERA5_CHIRPS,1981,2019,5,30
AMZBR_0180,a0180,Amazon Polygon 0180,-56.5,-4.5,NA,NA,2,8,0.355593315895006,0.393720972354411,0.0162704985607786,4.19262089454544,0.105047794626876,1155.94914097185,K,1,90,16,ERA5_CHIRPS,1981,2019,5,30
AMZBR_0181,a0181,Amazon Polygon 0181,-55.5,-4.5,NA,NA,2,8,0.333254551700447,0.356485056681553,0.0200386808656819,4.18979732050842,0.100683613878392,1147.5334936448,K,1,90,16,ERA5_CHIRPS,1981,2019,5,30
AMZBR_0182,a0182,Amazon Polygon 0182,-54.5,-4.5,NA,NA,2,8,0.36203836952556,0.363111520041128,0.0200708210486965,4.38380479003491,0.0977894594579951,1168.20588858607,K,1,90,15,ERA5_CHIRPS,1981,2019,5,30
AMZBR_0183,a0183,Amazon Polygon 0183,-53.5,-4.5,NA,NA,2,8,0.412961517904864,0.307752004275788,0.0185749331908071,4.39567076429717,0.0942057723142704,1164.0994120791,K,1,90,15,ERA5_CHIRPS,1981,2019,5,30
AMZBR_0184,a0184,Amazon Polygon 0184,-52.5,-4.5,NA,NA,2,8,0.411855537435268,0.337758914280448,0.0158014482785004,4.33425209540328,0.10255163071051,1179.34930849609,K,1,90,15,ERA5_CHIRPS,1981,2019,5,30
AMZBR_0185,a0185,Amazon Polygon 0185,-51.5,-4.5,NA,NA,2,8,0.407422168172342,0.365154968728284,0.016791000694927,4.45868658790827,0.101891938846421,1185.28492008339,K,1,90,15,ERA5_CHIRPS,1981,2019,5,30
AMZBR_0186,a0186,Amazon Polygon 0186,-50.5,-4.5,NA,NA,2,8,0.441613636363636,0.297163961038961,0.0201332792207792,4.79350649350649,0.102337662337662,1174.59415584416,K,1,90,15,ERA5_CHIRPS,1981,2019,5,30
AMZBR_0187,a0187,Amazon Polygon 0187,-49.5,-4.5,NA,NA,2,8,0.444267904509284,0.319212201591512,0.0194294429708223,4.61007957559682,0.0989336870026525,1171.29973474801,K,1,90,15,ERA5_CHIRPS,1981,2019,5,30
AMZBR_0188,a0188,Amazon Polygon 0188,-48.5,-4.5,NA,NA,2,6,0.472237000640531,0.301920428836852,0.0192040664945198,4.53387164472268,0.081042653742603,1191.18135010809,K,1,90,15,ERA5_CHIRPS,1981,2019,5,30
AMZBR_0189,a0189,Amazon Polygon 0189,-47.5,-4.5,NA,NA,2,5,0.382,0.245,0.0164,4.9,0.075,1240,K,1,90,15,ERA5_CHIRPS,1981,2019,5,30
AMZBR_0190,a0190,Amazon Polygon 0190,-46.5,-4.5,NA,NA,2,8,0.439428484011334,0.358171322892075,0.0173332375996905,4.93920405875888,0.0900584877584942,1245.42093411732,K,1,90,14,ERA5_CHIRPS,1981,2019,5,30
AMZBR_0191,a0191,Amazon Polygon 0191,-45.5,-4.5,NA,NA,2,5,0.448,0.259,0.0159,5.2,0.081,1250,K,1,90,14,ERA5_CHIRPS,1981,2019,5,30
AMZBR_0192,a0192,Amazon Polygon 0192,-69.5,-3.5,NA,NA,2,5,0.318452568295237,0.27335013367275,0.0429284412195275,4.30292278054564,0.131592159120715,1180.0924575863,K,1,90,16,ERA5_CHIRPS,1981,2019,5,30
AMZBR_0193,a0193,Amazon Polygon 0193,-68.5,-3.5,NA,NA,2,8,0.289615166039776,0.302296043277158,0.0243809465206284,4.28969269797309,0.112370333047237,1179.8274509834,K,1,90,16,ERA5_CHIRPS,1981,2019,5,30
AMZBR_0194,a0194,Amazon Polygon 0194,-67.5,-3.5,NA,NA,2,8,0.2700686321647,0.311963459336089,0.0251306205205177,4.14459388065387,0.133479905527406,1150.91269511748,K,1,90,16,ERA5_CHIRPS,1981,2019,5,30
AMZBR_0195,a0195,Amazon Polygon 0195,-66.5,-3.5,NA,NA,2,8,0.302732084799917,0.317106665959767,0.0257642142408992,4.19155826315183,0.137826048525465,1135.74955305385,K,1,90,16,ERA5_CHIRPS,1981,2019,5,60
AMZBR_0196,a0196,Amazon Polygon 0196,-65.5,-3.5,NA,NA,2,8,0.258101936799185,0.303352701325178,0.0245166666666667,4.09964322120285,0.127257900101937,1130.76962283384,K,1,90,16,ERA5_CHIRPS,1981,2019,5,60
AMZBR_0197,a0197,Amazon Polygon 0197,-64.5,-3.5,NA,NA,2,8,0.277105975197294,0.314315670800451,0.024867305524239,4.07733934611048,0.104762495302518,1133.91206313416,K,1,90,16,ERA5_CHIRPS,1981,2019,5,60
AMZBR_0198,a0198,Amazon Polygon 0198,-63.5,-3.5,NA,NA,2,7,0.173980475688053,0.284462404732551,0.0183109889017527,4.06681640015756,0.112112878079992,1197.74383952955,K,1,90,16,ERA5_CHIRPS,1981,2019,5,40
AMZBR_0199,a0199,Amazon Polygon 0199,-62.5,-3.5,NA,NA,2,8,0.205569367108256,0.279964966850437,0.0228394088267051,4.11279350923955,0.113313215921889,1169.96765862445,K,1,90,16,ERA5_CHIRPS,1981,2019,5,30
AMZBR_0200,a0200,Amazon Polygon 0200,-61.5,-3.5,NA,NA,2,8,0.207130391278045,0.297064415803823,0.0195096321133073,4.07966417615082,0.105054381826692,1165.84000418523,K,1,90,16,ERA5_CHIRPS,1981,2019,5,30
AMZBR_0201,a0201,Amazon Polygon 0201,-60.5,-3.5,NA,NA,2,7,0.174480848187578,0.33643972382086,0.0177493920338391,4.14915719674249,0.0951833241015492,1161.88606016416,K,1,90,16,ERA5_CHIRPS,1981,2019,5,60
AMZBR_0202,a0202,Amazon Polygon 0202,-59.5,-3.5,NA,NA,2,17,0.206,0.445,0.0185,4.2,0.107,1170,K,1,90,16,ERA5_CHIRPS,1981,2019,5,60
AMZBR_0203,a0203,Amazon Polygon 0203,-58.5,-3.5,NA,NA,2,8,0.324809022354477,0.397831643474228,0.0147858549279727,4.12196836513106,0.103717253738994,1167.54251025312,K,1,90,16,ERA5_CHIRPS,1981,2019,5,30
AMZBR_0204,a0204,Amazon Polygon 0204,-57.5,-3.5,NA,NA,2,16,0.360496891737772,0.400771151258777,0.0195854962555674,4.21449828935962,0.113981802402827,1182.22045084109,K,1,90,16,ERA5_CHIRPS,1981,2019,5,30
AMZBR_0205,a0205,Amazon Polygon 0205,-56.5,-3.5,NA,NA,2,9,0.466265704196725,0.359033669562661,0.0156241671891566,4.09684359417543,0.0942319636252154,1176.10157498244,K,1,90,16,ERA5_CHIRPS,1981,2019,5,30
AMZBR_0206,a0206,Amazon Polygon 0206,-55.5,-3.5,NA,NA,2,6,0.48989805511363,0.342665064851515,0.014674402617952,4.11786563803893,0.097472504212456,1188.98461685856,K,1,90,16,ERA5_CHIRPS,1981,2019,5,30
AMZBR_0207,a0207,Amazon Polygon 0207,-54.5,-3.5,NA,NA,2,6,0.450073758865248,0.343052482269504,0.0156248226950355,4.2090780141844,0.0934992907801418,1177.39007092199,K,1,90,15,ERA5_CHIRPS,1981,2019,5,30
AMZBR_0208,a0208,Amazon Polygon 0208,-53.5,-3.5,NA,NA,2,16,0.370784294070405,0.401918467590509,0.0164540809953716,4.49237763605096,0.106611387152024,1179.96542957844,K,1,90,15,ERA5_CHIRPS,1981,2019,5,30
AMZBR_0209,a0209,Amazon Polygon 0209,-52.5,-3.5,NA,NA,2,16,0.411803245436105,0.406446653144016,0.0191922515212982,4.45204868154158,0.0970085192697769,1165.39553752535,K,1,90,15,ERA5_CHIRPS,1981,2019,5,30
AMZBR_0210,a0210,Amazon Polygon 0210,-51.5,-3.5,NA,NA,2,5,0.439,0.205,0.0184,4.6,0.106,1170,K,1,90,15,ERA5_CHIRPS,1981,2019,5,30
AMZBR_0211,a0211,Amazon Polygon 0211,-50.5,-3.5,NA,NA,2,8,0.444111894273128,0.336293392070485,0.0183740528634361,4.54718061674009,0.0998828193832599,1169.46696035242,K,1,90,15,ERA5_CHIRPS,1981,2019,5,30
AMZBR_0212,a0212,Amazon Polygon 0212,-49.5,-3.5,NA,NA,2,6,0.479633160621762,0.308116062176166,0.0217348186528497,4.69139896373057,0.104853367875648,1165,K,1,90,15,ERA5_CHIRPS,1981,2019,5,30
AMZBR_0213,a0213,Amazon Polygon 0213,-48.5,-3.5,NA,NA,2,6,0.468818388864697,0.311223015158725,0.0176027987542047,4.44463898577152,0.0863382558718974,1190.26577691576,K,1,90,15,ERA5_CHIRPS,1981,2019,5,30
AMZBR_0214,a0214,Amazon Polygon 0214,-47.5,-3.5,NA,NA,2,5,0.467,0.207,0.0157,4.8,0.071,1180,K,1,90,15,ERA5_CHIRPS,1981,2019,5,30
AMZBR_0215,a0215,Amazon Polygon 0215,-46.5,-3.5,NA,NA,2,6,0.45541505595117,0.345739572736521,0.016979518480841,4.61631061376738,0.0877416073245168,1190.91217361818,K,1,90,14,ERA5_CHIRPS,1981,2019,5,30
AMZBR_0216,a0216,Amazon Polygon 0216,-45.5,-3.5,NA,NA,2,8,0.376,0.314,0.014,5.1,0.091,1200,K,1,90,14,ERA5_CHIRPS,1981,2019,5,30
AMZBR_0217,a0217,Amazon Polygon 0217,-69.5,-2.5,NA,NA,2,5,0.501084205518554,0.186823977164605,0.039562226450999,4.30428163653663,0.152717411988582,1153.55851569933,K,1,90,16,ERA5_CHIRPS,1981,2019,5,40
AMZBR_0218,a0218,Amazon Polygon 0218,-68.5,-2.5,NA,NA,2,5,0.474578107885745,0.225788409727348,0.0350460210800488,4.24778382175107,0.157631583701463,1120.71969737027,K,1,90,16,ERA5_CHIRPS,1981,2019,5,30
AMZBR_0219,a0219,Amazon Polygon 0219,-67.5,-2.5,NA,NA,2,7,0.196220794392523,0.317254672897196,0.0251533878504673,4.2,0.134580607476636,1137.23130841121,K,1,90,16,ERA5_CHIRPS,1981,2019,5,40
AMZBR_0220,a0220,Amazon Polygon 0220,-66.5,-2.5,NA,NA,2,8,0.226691168376192,0.320084291935551,0.030027757405747,4.18836586183917,0.142762258213817,1132.93145452059,K,1,90,16,ERA5_CHIRPS,1981,2019,5,60
AMZBR_0221,a0221,Amazon Polygon 0221,-65.5,-2.5,NA,NA,2,7,0.185346839867306,0.290991858339675,0.0266765038387251,4.2015748646035,0.14271704441742,1105.73817449625,K,1,90,16,ERA5_CHIRPS,1981,2019,5,40
AMZBR_0222,a0222,Amazon Polygon 0222,-64.5,-2.5,NA,NA,2,17,0.22,0.477,0.0261,4.1,0.136,1110,K,1,90,16,ERA5_CHIRPS,1981,2019,5,30
AMZBR_0223,a0223,Amazon Polygon 0223,-63.5,-2.5,NA,NA,2,8,0.238802126881665,0.28627569123884,0.0242921620325804,4.12534833508294,0.121304591884166,1157.52515713517,K,1,90,16,ERA5_CHIRPS,1981,2019,5,30
AMZBR_0224,a0224,Amazon Polygon 0224,-62.5,-2.5,NA,NA,2,8,0.303226557975135,0.323876468990194,0.0221805349432241,4.32238435161985,0.102009606543295,1175.28861746452,K,1,90,16,ERA5_CHIRPS,1981,2019,5,40
AMZBR_0225,a0225,Amazon Polygon 0225,-61.5,-2.5,NA,NA,2,8,0.384794096355573,0.322833529555224,0.0162511491983126,4.58697499306154,0.103769225769498,1178.56654731473,K,1,90,16,ERA5_CHIRPS,1981,2019,5,60
AMZBR_0226,a0226,Amazon Polygon 0226,-60.5,-2.5,NA,NA,2,8,0.391387837747938,0.333180572612777,0.0151653244823465,4.14886476578854,0.0976049802387028,1190.23849846549,K,1,90,16,ERA5_CHIRPS,1981,2019,5,30
AMZBR_0227,a0227,Amazon Polygon 0227,-59.5,-2.5,NA,NA,2,16,0.39368801431127,0.41897030411449,0.0159848658318426,4.05656529516995,0.0781792486583184,1165.52772808587,K,1,90,16,ERA5_CHIRPS,1981,2019,5,30
AMZBR_0228,a0228,Amazon Polygon 0228,-58.5,-2.5,NA,NA,2,16,0.436608137421665,0.40402770637311,0.0160778985219255,4.14956738462942,0.0944311173872009,1165.84296631185,K,1,90,16,ERA5_CHIRPS,1981,2019,5,30
AMZBR_0229,a0229,Amazon Polygon 0229,-57.5,-2.5,NA,NA,2,6,0.479282903641197,0.346625089658027,0.0156348479275412,4.12573829897359,0.098496227238243,1166.06664423999,K,1,90,16,ERA5_CHIRPS,1981,2019,5,30
AMZBR_0230,a0230,Amazon Polygon 0230,-56.5,-2.5,NA,NA,2,6,0.568451904758393,0.287509378431131,0.0137057084578839,4.03121116079173,0.083103354371674,1176.84889973747,K,1,90,16,ERA5_CHIRPS,1981,2019,5,30
AMZBR_0231,a0231,Amazon Polygon 0231,-55.5,-2.5,NA,NA,2,16,0.412741742088074,0.41123452200969,0.0159234345366853,4.10431978283066,0.100178754600689,1166.25327145647,K,1,90,16,ERA5_CHIRPS,1981,2019,5,30
AMZBR_0232,a0232,Amazon Polygon 0232,-54.5,-2.5,NA,NA,2,5,0.369,0.222,0.0165,4.6,0.124,1160,K,1,90,15,ERA5_CHIRPS,1981,2019,5,30
AMZBR_0233,a0233,Amazon Polygon 0233,-53.5,-2.5,NA,NA,2,11,0.258783928069683,0.487778870469233,0.0174272548468671,4.49269457712841,0.107891261590334,1169.15987636977,K,1,90,15,ERA5_CHIRPS,1981,2019,5,30
AMZBR_0234,a0234,Amazon Polygon 0234,-52.5,-2.5,NA,NA,2,5,0.47,0.243,0.0154,4.4,0.104,1170,K,1,90,15,ERA5_CHIRPS,1981,2019,5,120
AMZBR_0235,a0235,Amazon Polygon 0235,-51.5,-2.5,NA,NA,2,6,0.486723228995058,0.296668314113125,0.0166360241625481,4.37144426139484,0.0979077429983525,1190.0823723229,K,1,90,15,ERA5_CHIRPS,1981,2019,5,120
AMZBR_0236,a0236,Amazon Polygon 0236,-50.5,-2.5,NA,NA,2,6,0.455851878847693,0.305996691233648,0.0185474019218788,4.43283007888501,0.109237515123583,1178.0902214773,K,1,90,15,ERA5_CHIRPS,1981,2019,5,30
AMZBR_0237,a0237,Amazon Polygon 0237,-49.5,-2.5,NA,NA,2,8,0.416494,0.330832,0.0206422,4.5,0.125394,1182.88,K,1,90,15,ERA5_CHIRPS,1981,2019,5,60
AMZBR_0238,a0238,Amazon Polygon 0238,-48.5,-2.5,NA,NA,2,5,0.456,0.241,0.0165,4.7,0.093,1170,K,1,90,15,ERA5_CHIRPS,1981,2019,5,60
AMZBR_0239,a0239,Amazon Polygon 0239,-47.5,-2.5,NA,NA,2,5,0.395,0.246,0.0157,4.9,0.076,1170,K,1,90,15,ERA5_CHIRPS,1981,2019,5,30
AMZBR_0240,a0240,Amazon Polygon 0240,-46.5,-2.5,NA,NA,2,8,0.366523568668258,0.366549613332243,0.016339490616958,4.55215271258003,0.08033462738003,1174.40768787318,K,1,90,15,ERA5_CHIRPS,1981,2019,5,30
AMZBR_0241,a0241,Amazon Polygon 0241,-45.5,-2.5,NA,NA,2,8,0.412,0.291,0.0167,5,0.095,1190,K,1,90,15,ERA5_CHIRPS,1981,2019,5,30
AMZBR_0242,a0242,Amazon Polygon 0242,-44.5,-2.5,NA,NA,2,8,0.349,0.314,0.0197,5.1,0.148,1180,K,1,90,15,ERA5_CHIRPS,1981,2019,5,40
AMZBR_0243,a0243,Amazon Polygon 0243,-68.5,-1.5,NA,NA,2,3,0.583286919831224,0.191196905766526,0.0204880450070324,4.24838255977496,0.147434599156118,1174.75386779184,K,1,90,16,ERA5_CHIRPS,1981,2019,5,60
AMZBR_0244,a0244,Amazon Polygon 0244,-67.5,-1.5,NA,NA,2,8,0.359,0.338,0.0251,4.3,0.14,1110,K,1,90,16,ERA5_CHIRPS,1981,2019,5,60
AMZBR_0245,a0245,Amazon Polygon 0245,-66.5,-1.5,NA,NA,2,6,0.484,0.261,0.0216,4.3,0.107,1170,K,1,90,16,ERA5_CHIRPS,1981,2019,5,120
AMZBR_0246,a0246,Amazon Polygon 0246,-65.5,-1.5,NA,NA,2,5,0.483153846153846,0.217,0.0222769230769231,4.3,0.101076923076923,1170,K,1,90,16,ERA5_CHIRPS,1981,2019,5,60
AMZBR_0247,a0247,Amazon Polygon 0247,-64.5,-1.5,NA,NA,2,5,0.332199570164771,0.226728347704738,0.0229433604016956,4.15299560886021,0.109355631266316,1140.07653008428,K,1,90,16,ERA5_CHIRPS,1981,2019,5,40
AMZBR_0248,a0248,Amazon Polygon 0248,-63.5,-1.5,NA,NA,2,8,0.283137652629851,0.275732067246036,0.0222419811718623,4.10356431250998,0.126085245743094,1156.30507181702,K,1,90,16,ERA5_CHIRPS,1981,2019,5,40
AMZBR_0249,a0249,Amazon Polygon 0249,-62.5,-1.5,NA,NA,2,8,0.278494276944493,0.278303735285365,0.0259597767751026,4.04693747670087,0.114247037965245,1161.43611359252,K,1,90,16,ERA5_CHIRPS,1981,2019,5,40
AMZBR_0250,a0250,Amazon Polygon 0250,-61.5,-1.5,NA,NA,2,8,0.293022662889518,0.344461756373938,0.0409393767705382,4.03371104815864,0.137597733711048,1130.22662889518,K,1,90,16,ERA5_CHIRPS,1981,2019,5,120
AMZBR_0251,a0251,Amazon Polygon 0251,-60.5,-1.5,NA,NA,2,8,0.306637396681003,0.37073806896197,0.0180052615048106,4.13085875382976,0.0963526754981705,1179.21859014325,K,1,90,16,ERA5_CHIRPS,1981,2019,5,30
AMZBR_0252,a0252,Amazon Polygon 0252,-59.5,-1.5,NA,NA,2,16,0.300556308615255,0.401741069547032,0.0184511341679462,4.21649253416002,0.0842416870038793,1174.29416581795,K,1,90,16,ERA5_CHIRPS,1981,2019,5,30
AMZBR_0253,a0253,Amazon Polygon 0253,-58.5,-1.5,NA,NA,2,17,0.249196236234406,0.409889027806853,0.0169219522241721,4.25042630421649,0.0909396671003949,1176.75135849828,K,1,90,16,ERA5_CHIRPS,1981,2019,5,30
AMZBR_0254,a0254,Amazon Polygon 0254,-57.5,-1.5,NA,NA,2,8,0.353953296510074,0.356318795150176,0.0162318951959305,4.16127921138137,0.0921185700147406,1169.03315845088,K,1,90,16,ERA5_CHIRPS,1981,2019,5,30
AMZBR_0255,a0255,Amazon Polygon 0255,-56.5,-1.5,NA,NA,2,8,0.428561397205884,0.357890819191029,0.0170443708892477,4.07668184177044,0.102229315858188,1172.03342349047,K,1,90,16,ERA5_CHIRPS,1981,2019,5,30
AMZBR_0256,a0256,Amazon Polygon 0256,-55.5,-1.5,NA,NA,2,8,0.394724258319037,0.285435050554816,0.0174574132596345,4.58042111599446,0.120983760700622,1140.94614837231,K,1,90,16,ERA5_CHIRPS,1981,2019,5,30
AMZBR_0257,a0257,Amazon Polygon 0257,-54.5,-1.5,NA,NA,2,6,0.453466860183841,0.30700145137881,0.0147157232704403,4.44944363812288,0.0934358974358974,1168.24383164006,K,1,90,15,ERA5_CHIRPS,1981,2019,5,30
AMZBR_0258,a0258,Amazon Polygon 0258,-53.5,-1.5,NA,NA,2,8,0.358051985792703,0.375059412334517,0.0217846625766871,4.69667420083952,0.102369066838876,1149.43816596706,K,1,90,15,ERA5_CHIRPS,1981,2019,5,30
AMZBR_0259,a0259,Amazon Polygon 0259,-52.5,-1.5,NA,NA,2,6,0.489193198804185,0.267949177877429,0.0144534379671151,4.48789237668161,0.104897608370703,1180.63153961136,K,1,90,15,ERA5_CHIRPS,1981,2019,5,60
AMZBR_0260,a0260,Amazon Polygon 0260,-51.5,-1.5,NA,NA,2,8,0.4179221017771,0.328776241876915,0.0169746115109358,4.50445071598713,0.105085291270001,1176.97838613175,K,1,90,15,ERA5_CHIRPS,1981,2019,5,30
AMZBR_0261,a0261,Amazon Polygon 0261,-50.5,-1.5,NA,NA,2,6,0.547492846393835,0.282247721731745,0.0208268214779869,4.51611375009776,0.101198815924279,1198.09744113304,K,1,90,15,ERA5_CHIRPS,1981,2019,5,60
AMZBR_0262,a0262,Amazon Polygon 0262,-49.5,-1.5,NA,NA,2,6,0.4680421384336,0.314970467602685,0.0255416866979813,4.57188082717456,0.127847153682839,1192.2391132314,K,1,90,15,ERA5_CHIRPS,1981,2019,5,60
AMZBR_0263,a0263,Amazon Polygon 0263,-48.5,-1.5,NA,NA,2,8,0.391037326388889,0.327946180555556,0.0201565972222222,4.671875,0.141463541666667,1194.19270833333,K,1,90,15,ERA5_CHIRPS,1981,2019,5,60
AMZBR_0264,a0264,Amazon Polygon 0264,-47.5,-1.5,NA,NA,2,5,0.383,0.249,0.0161,4.9,0.102,1200,K,1,90,15,ERA5_CHIRPS,1981,2019,5,60
AMZBR_0265,a0265,Amazon Polygon 0265,-46.5,-1.5,NA,NA,2,5,0.365,0.271,0.0168,4.9,0.107,1200,K,1,90,14,ERA5_CHIRPS,1981,2019,5,40
AMZBR_0266,a0266,Amazon Polygon 0266,-45.5,-1.5,NA,NA,2,8,0.372681588447653,0.363571119133574,0.0232038989169675,4.83451263537906,0.140849097472924,1191.12635379061,K,1,90,14,ERA5_CHIRPS,1981,2019,5,40
AMZBR_0267,a0267,Amazon Polygon 0267,-69.5,-0.5,NA,NA,2,6,0.513583189169413,0.245977740531898,0.0276737157238781,4.58843583440703,0.12858002948712,1194.93803226348,K,1,90,16,ERA5_CHIRPS,1981,2019,5,30
AMZBR_0268,a0268,Amazon Polygon 0268,-68.5,-0.5,NA,NA,2,3,0.600080368544563,0.184909434794784,0.0266536832169823,4.45450123700453,0.13408238057271,1160.05935057225,K,1,90,16,ERA5_CHIRPS,1981,2019,5,30
AMZBR_0269,a0269,Amazon Polygon 0269,-67.5,-0.5,NA,NA,2,6,0.497991462671745,0.274257998162199,0.0237007313136071,4.41340109443275,0.129521088572825,1136.4929430812,K,1,90,16,ERA5_CHIRPS,1981,2019,5,30
AMZBR_0270,a0270,Amazon Polygon 0270,-66.5,-0.5,NA,NA,2,6,0.487163751757489,0.259332591217498,0.0247852706061505,4.28013241098742,0.11444026279783,1143.40517343133,K,1,90,16,ERA5_CHIRPS,1981,2019,5,30
AMZBR_0271,a0271,Amazon Polygon 0271,-65.5,-0.5,NA,NA,2,5,0.479092105263158,0.217730263157895,0.0217730263157895,4.2,0.0977763157894737,1173.88157894737,K,1,90,16,ERA5_CHIRPS,1981,2019,5,120
AMZBR_0272,a0272,Amazon Polygon 0272,-64.5,-0.5,NA,NA,2,5,0.472669608463471,0.249291511524267,0.02087983621479,4.13056551181114,0.106210734138445,1160.99596029531,K,1,90,16,ERA5_CHIRPS,1981,2019,5,60
AMZBR_0273,a0273,Amazon Polygon 0273,-63.5,-0.5,NA,NA,2,6,0.46518007761852,0.262138086454371,0.0250127829843773,4.11123340189234,0.11280515756391,1155.37493870311,K,1,90,16,ERA5_CHIRPS,1981,2019,5,40
AMZBR_0274,a0274,Amazon Polygon 0274,-62.5,-0.5,NA,NA,2,8,0.399849910285365,0.303517220341941,0.0301553996969191,4.09137312319897,0.116908159627452,1150.9291358209,K,1,90,16,ERA5_CHIRPS,1981,2019,5,60
AMZBR_0275,a0275,Amazon Polygon 0275,-61.5,-0.5,NA,NA,2,8,0.401,0.296,0.0293,4.1,0.121,1170,K,1,90,16,ERA5_CHIRPS,1981,2019,5,30
AMZBR_0276,a0276,Amazon Polygon 0276,-60.5,-0.5,NA,NA,2,8,0.43759229436722,0.327765854198416,0.0239312319665031,4.07425046342091,0.103975187414491,1182.26604116517,K,1,90,16,ERA5_CHIRPS,1981,2019,5,30
AMZBR_0277,a0277,Amazon Polygon 0277,-59.5,-0.5,NA,NA,2,17,0.239715351812367,0.418997334754797,0.0188569829424307,4.20442430703625,0.0887681236673774,1185.07995735608,K,1,90,16,ERA5_CHIRPS,1981,2019,5,30
AMZBR_0278,a0278,Amazon Polygon 0278,-58.5,-0.5,NA,NA,2,8,0.232,0.367,0.017,4.2,0.091,1180,K,1,90,16,ERA5_CHIRPS,1981,2019,5,30
AMZBR_0279,a0279,Amazon Polygon 0279,-57.5,-0.5,NA,NA,2,8,0.281511182108626,0.395685126020589,0.020892225772098,4.02744053958112,0.0987724529641463,1147.54348597799,K,1,90,16,ERA5_CHIRPS,1981,2019,5,30
AMZBR_0280,a0280,Amazon Polygon 0280,-56.5,-0.5,NA,NA,2,8,0.333425168387214,0.385573036348581,0.0181079429907979,4.08479599600034,0.111452773708574,1167.16959626952,K,1,90,16,ERA5_CHIRPS,1981,2019,5,30
AMZBR_0281,a0281,Amazon Polygon 0281,-55.5,-0.5,NA,NA,2,8,0.367863167567993,0.389374358579361,0.0202798785670844,4.13969965062452,0.111505103338343,1159.92937182343,K,1,90,16,ERA5_CHIRPS,1981,2019,5,30
AMZBR_0282,a0282,Amazon Polygon 0282,-54.5,-0.5,NA,NA,2,8,0.338900020480741,0.347237539346446,0.024187092972358,4.39643822949762,0.105208915705631,1174.61851509937,K,1,90,15,ERA5_CHIRPS,1981,2019,5,30
AMZBR_0283,a0283,Amazon Polygon 0283,-53.5,-0.5,NA,NA,2,8,0.355,0.28,0.0153,4.5,0.098,1200,K,1,90,15,ERA5_CHIRPS,1981,2019,5,30
AMZBR_0284,a0284,Amazon Polygon 0284,-52.5,-0.5,NA,NA,2,8,0.339034131922173,0.374604688011251,0.0156990635612464,4.42961377701112,0.103277610183329,1204.46796846706,K,1,90,15,ERA5_CHIRPS,1981,2019,5,30
AMZBR_0285,a0285,Amazon Polygon 0285,-51.5,-0.5,NA,NA,2,8,0.372166159029789,0.380014992408354,0.0220836014901674,4.63160218234417,0.146076665566285,1177.6541729892,K,1,90,15,ERA5_CHIRPS,1981,2019,5,60
AMZBR_0286,a0286,Amazon Polygon 0286,-50.5,-0.5,NA,NA,2,6,0.487482056944867,0.322890399180772,0.0234138451341345,4.56961782065618,0.120102198797205,1192.29829864262,K,1,90,15,ERA5_CHIRPS,1981,2019,5,60
AMZBR_0287,a0287,Amazon Polygon 0287,-49.5,-0.5,NA,NA,2,5,0.4075,0.242,0.0301,5,0.17,1180,K,1,90,15,ERA5_CHIRPS,1981,2019,5,60
AMZBR_0288,a0288,Amazon Polygon 0288,-48.5,-0.5,NA,NA,2,8,0.410034389140271,0.337929411764706,0.0235811764705882,4.7020814479638,0.14496742081448,1174.00904977376,K,1,90,15,ERA5_CHIRPS,1981,2019,5,60
AMZBR_0289,a0289,Amazon Polygon 0289,-69.5,0.5,NA,NA,2,6,0.518,0.244,0.024,4.5,0.124,1180,K,1,90,16,ERA5_CHIRPS,1981,2019,5,30
AMZBR_0290,a0290,Amazon Polygon 0290,-68.5,0.5,NA,NA,2,6,0.556031275302543,0.213491255142449,0.0269094765332795,4.77052293091954,0.128356794829367,1199.06133779691,K,1,90,16,ERA5_CHIRPS,1981,2019,5,30
AMZBR_0291,a0291,Amazon Polygon 0291,-67.5,0.5,NA,NA,2,6,0.531345964496635,0.243997191584387,0.0252805275869034,4.58959693238905,0.12274820262963,1138.82061016445,K,1,90,16,ERA5_CHIRPS,1981,2019,5,30
AMZBR_0292,a0292,Amazon Polygon 0292,-66.5,0.5,NA,NA,2,6,0.548215196717419,0.224407028928467,0.0271229074631325,4.43939775224795,0.109745421821456,1113.94872134619,K,1,90,16,ERA5_CHIRPS,1981,2019,5,30
AMZBR_0293,a0293,Amazon Polygon 0293,-65.5,0.5,NA,NA,2,6,0.484765179678734,0.256514100828391,0.0282823256655113,4.14867339135671,0.114060992235232,1143.58311648962,K,1,90,16,ERA5_CHIRPS,1981,2019,5,30
AMZBR_0294,a0294,Amazon Polygon 0294,-64.5,0.5,NA,NA,2,6,0.487010403492551,0.258904649364713,0.0268010597810063,4.10729350353887,0.118673620957919,1124.26391973434,K,1,90,16,ERA5_CHIRPS,1981,2019,5,30
AMZBR_0295,a0295,Amazon Polygon 0295,-63.5,0.5,NA,NA,2,5,0.490013881177124,0.223543586896169,0.0233667962243198,4.29244863964464,0.111192670738479,1171.7157134925,K,1,90,16,ERA5_CHIRPS,1981,2019,5,30
AMZBR_0296,a0296,Amazon Polygon 0296,-62.5,0.5,NA,NA,2,6,0.483,0.261,0.0177,4.8,0.127,1240,K,1,90,16,ERA5_CHIRPS,1981,2019,5,30
AMZBR_0297,a0297,Amazon Polygon 0297,-61.5,0.5,NA,NA,2,6,0.490005479452055,0.286574429223744,0.0155687671232877,4.6,0.115645662100457,1239.25114155251,K,1,90,16,ERA5_CHIRPS,1981,2019,5,60
AMZBR_0298,a0298,Amazon Polygon 0298,-60.5,0.5,NA,NA,2,8,0.422827388919844,0.29860800842063,0.0148668648048191,4.45877357340052,0.10206694774671,1226.64877103883,K,1,90,16,ERA5_CHIRPS,1981,2019,5,30
AMZBR_0299,a0299,Amazon Polygon 0299,-59.5,0.5,NA,NA,2,8,0.35218276921012,0.332975825521394,0.0176846653881449,4.36719699243703,0.103102231226806,1209.98824400904,K,1,90,16,ERA5_CHIRPS,1981,2019,5,30
AMZBR_0300,a0300,Amazon Polygon 0300,-58.5,0.5,NA,NA,2,8,0.363830388886367,0.307647710465354,0.0175809224486845,4.43911678729251,0.103051225392196,1189.58270236001,K,1,90,16,ERA5_CHIRPS,1981,2019,5,30
AMZBR_0301,a0301,Amazon Polygon 0301,-57.5,0.5,NA,NA,2,8,0.354931842769564,0.343516768842409,0.0181821853588172,4.35708618824378,0.100027046520014,1219.78723404255,K,1,90,16,ERA5_CHIRPS,1981,2019,5,30
AMZBR_0302,a0302,Amazon Polygon 0302,-56.5,0.5,NA,NA,2,8,0.377,0.279,0.0156,4.5,0.098,1180,K,1,90,16,ERA5_CHIRPS,1981,2019,5,30
AMZBR_0303,a0303,Amazon Polygon 0303,-55.5,0.5,NA,NA,2,8,0.35,0.292,0.0178,4.5,0.1,1190,K,1,90,16,ERA5_CHIRPS,1981,2019,5,30
AMZBR_0304,a0304,Amazon Polygon 0304,-54.5,0.5,NA,NA,2,8,0.326,0.309,0.0184,4.5,0.1,1200,K,1,90,15,ERA5_CHIRPS,1981,2019,5,30
AMZBR_0305,a0305,Amazon Polygon 0305,-53.5,0.5,NA,NA,2,8,0.323365210127657,0.370095805707387,0.0187482045535554,4.48093786377005,0.0996940546590494,1195.62742007063,K,1,90,15,ERA5_CHIRPS,1981,2019,5,30
AMZBR_0306,a0306,Amazon Polygon 0306,-52.5,0.5,NA,NA,2,8,0.292867015931683,0.397491722254934,0.0192186303907941,4.4352519463437,0.103649205072188,1202.97149068891,K,1,90,15,ERA5_CHIRPS,1981,2019,5,30
AMZBR_0307,a0307,Amazon Polygon 0307,-51.5,0.5,NA,NA,2,8,0.354676744608013,0.342080412276782,0.0198860758037557,4.59291576539618,0.104769497337053,1216.29109710547,K,1,90,15,ERA5_CHIRPS,1981,2019,5,30
AMZBR_0308,a0308,Amazon Polygon 0308,-69.5,1.5,NA,NA,2,6,0.526,0.24,0.024,4.5,0.097,1220,K,1,90,16,ERA5_CHIRPS,1981,2019,5,30
AMZBR_0309,a0309,Amazon Polygon 0309,-68.5,1.5,NA,NA,2,6,0.52253906795127,0.205054553070751,0.0427814812837994,4.66687109294238,0.126099018640665,1194.61921079365,K,1,90,16,ERA5_CHIRPS,1981,2019,5,30
AMZBR_0310,a0310,Amazon Polygon 0310,-67.5,1.5,NA,NA,2,6,0.561091043671355,0.20421021465581,0.0270715025906736,4.8,0.125521835677276,1167.21687638786,K,1,90,16,ERA5_CHIRPS,1981,2019,5,30
AMZBR_0311,a0311,Amazon Polygon 0311,-63.5,1.5,NA,NA,2,8,0.42494387755102,0.300469023323615,0.0162231413994169,4.46344752186589,0.11184584548105,1160.36807580175,K,1,90,16,ERA5_CHIRPS,1981,2019,5,30
AMZBR_0312,a0312,Amazon Polygon 0312,-62.5,1.5,NA,NA,2,5,0.461726939264444,0.258288962317539,0.0154604370768904,4.66603356058363,0.108984270747554,1194.30671490346,K,1,90,16,ERA5_CHIRPS,1981,2019,5,30
AMZBR_0313,a0313,Amazon Polygon 0313,-61.5,1.5,NA,NA,2,6,0.491579346398351,0.244625519219408,0.0134864468276648,4.76323965635835,0.117913015594765,1223.94573462479,K,1,90,16,ERA5_CHIRPS,1981,2019,5,30
AMZBR_0314,a0314,Amazon Polygon 0314,-60.5,1.5,NA,NA,2,6,0.504332049917661,0.253297503740243,0.0135588157703226,4.78218311497323,0.0964585250071972,1215.72461292972,K,1,90,16,ERA5_CHIRPS,1981,2019,5,30
AMZBR_0315,a0315,Amazon Polygon 0315,-59.5,1.5,NA,NA,2,6,0.481927994873695,0.255205541384766,0.0150356642601167,4.74670830089643,0.103511291584974,1207.44096428706,K,1,90,16,ERA5_CHIRPS,1981,2019,5,30
AMZBR_0316,a0316,Amazon Polygon 0316,-57.5,1.5,NA,NA,2,8,0.320494450050454,0.381883955600404,0.0240853683148335,4.43296333669694,0.130706020854356,1230.91153716784,K,1,90,16,ERA5_CHIRPS,1981,2019,5,30
AMZBR_0317,a0317,Amazon Polygon 0317,-56.5,1.5,NA,NA,2,8,0.379,0.278,0.0166,4.6,0.102,1230,K,1,90,16,ERA5_CHIRPS,1981,2019,5,30
AMZBR_0318,a0318,Amazon Polygon 0318,-55.5,1.5,NA,NA,2,5,0.392,0.263,0.0161,4.6,0.101,1220,K,1,90,16,ERA5_CHIRPS,1981,2019,5,30
AMZBR_0319,a0319,Amazon Polygon 0319,-54.5,1.5,NA,NA,2,8,0.350395925297114,0.379331069609508,0.0170010526315789,4.57011884550085,0.100765365025467,1205.64006791171,K,1,90,15,ERA5_CHIRPS,1981,2019,5,30
AMZBR_0320,a0320,Amazon Polygon 0320,-53.5,1.5,NA,NA,2,8,0.33561267805929,0.378876602523137,0.017076443885941,4.53922886608355,0.0972183506159432,1210.01906683005,K,1,90,15,ERA5_CHIRPS,1981,2019,5,30
AMZBR_0321,a0321,Amazon Polygon 0321,-52.5,1.5,NA,NA,2,8,0.335149100257069,0.374988982739625,0.0183976496511201,4.54168196841719,0.117102093279471,1219.54829232464,K,1,90,15,ERA5_CHIRPS,1981,2019,5,30
AMZBR_0322,a0322,Amazon Polygon 0322,-51.5,1.5,NA,NA,2,8,0.342559043915282,0.375207384619859,0.0198429336435915,4.53589145059832,0.111399201408253,1218.60642701711,K,1,90,15,ERA5_CHIRPS,1981,2019,5,30
AMZBR_0323,a0323,Amazon Polygon 0323,-50.5,1.5,NA,NA,2,8,0.334285904255319,0.309539893617021,0.0247304521276596,4.85345744680851,0.195167553191489,747.114361702128,K,1,90,15,ERA5_CHIRPS,1981,2019,5,120
AMZBR_0324,a0324,Amazon Polygon 0324,-63.5,2.5,NA,NA,2,5,0.394,0.267,0.0229,4.2,0.106,1110,K,1,90,16,ERA5_CHIRPS,1981,2019,5,30
AMZBR_0325,a0325,Amazon Polygon 0325,-62.5,2.5,NA,NA,2,8,0.373555616051848,0.347475527485543,0.0166705535882847,4.47090601554171,0.110173448007595,1154.31042803282,K,1,90,16,ERA5_CHIRPS,1981,2019,5,30
AMZBR_0326,a0326,Amazon Polygon 0326,-61.5,2.5,NA,NA,2,6,0.474488977350501,0.284508323716426,0.0158915215631065,4.71459515869303,0.0970353676585795,1191.61066134685,K,1,90,15,ERA5_CHIRPS,1981,2019,5,30
AMZBR_0327,a0327,Amazon Polygon 0327,-60.5,2.5,NA,NA,2,6,0.595486028789162,0.217139712108383,0.0127133361558002,4.97417442845047,0.0982561388653683,1264.29297205758,K,1,90,15,ERA5_CHIRPS,1981,2019,5,60
AMZBR_0328,a0328,Amazon Polygon 0328,-52.5,2.5,NA,NA,2,8,0.363187161639598,0.365375870069606,0.0310636117556071,4.62965970610982,0.129161252900232,1214.36194895592,K,1,90,16,ERA5_CHIRPS,1981,2019,5,30
AMZBR_0329,a0329,Amazon Polygon 0329,-51.5,2.5,NA,NA,2,8,0.357012872350827,0.354746872110307,0.0213451569559534,4.58902910482537,0.143151406767849,1205.39553680222,K,1,90,15,ERA5_CHIRPS,1981,2019,5,30
AMZBR_0330,a0330,Amazon Polygon 0330,-63.5,3.5,NA,NA,2,8,0.361,0.281,0.0224,4.1,0.117,1120,K,1,90,16,ERA5_CHIRPS,1981,2019,5,30
AMZBR_0331,a0331,Amazon Polygon 0331,-62.5,3.5,NA,NA,2,8,0.346073414671842,0.369487859609459,0.0177165198541867,4.37372537735457,0.10968214765377,1131.10602529551,K,1,90,16,ERA5_CHIRPS,1981,2019,5,30
AMZBR_0332,a0332,Amazon Polygon 0332,-61.5,3.5,NA,NA,2,6,0.479615694573823,0.293875810816361,0.0152221313921233,4.85439423856933,0.110973840211288,1214.41237963628,K,1,90,15,ERA5_CHIRPS,1981,2019,5,30
AMZBR_0333,a0333,Amazon Polygon 0333,-60.5,3.5,NA,NA,2,6,0.498,0.26,0.0101,5.3,0.153,1320,K,1,90,15,ERA5_CHIRPS,1981,2019,5,30
AMZBR_0334,a0334,Amazon Polygon 0334,-51.5,3.5,NA,NA,2,8,0.359,0.366,0.0225,4.6,0.123,1200,K,1,90,15,ERA5_CHIRPS,1981,2019,5,120
AMZBR_0335,a0335,Amazon Polygon 0335,-60.5,4.5,NA,NA,2,5,0.442668521094112,0.255291608715809,0.0228799258229022,5.36764024107557,0.13246314325452,1224.35790449699,K,1,90,16,ERA5_CHIRPS,1981,2019,5,30
AMZBR_0336,a0336,Amazon Polygon 0336,-59.5,-11.5,NA,NA,2,6,0.531965811840757,0.243728325972639,0.0187127669238973,4.4686539658477,0.108225292926799,1211.32454358169,K,1,90,16,ERA5_CHIRPS,1981,2019,5,30
AMZBR_0337,a0337,Amazon Polygon 0337,-58.5,-12.5,NA,NA,2,3,0.754084244600303,0.15137239297781,0.0138599813936637,4.61700499339524,0.094790242484175,1221.66075690442,K,1,90,16,ERA5_CHIRPS,1981,2019,5,30
AMZBR_0338,a0338,Amazon Polygon 0338,-51.5,-12.5,NA,NA,2,6,0.604934210526316,0.241301619433198,0.0233360829959514,4.81376518218624,0.092747975708502,1230.43016194332,K,1,90,16,ERA5_CHIRPS,1981,2019,5,120
AMZBR_0339,a0339,Amazon Polygon 0339,-54.5,-13.5,NA,NA,2,6,0.604719512195122,0.254965447154472,0.0216197154471545,4.8,0.106475609756098,1225.91463414634,K,1,90,16,ERA5_CHIRPS,1981,2019,5,120
AMZBR_0340,a0340,Amazon Polygon 0340,-46.5,-5.5,NA,NA,2,6,0.568910083727703,0.251582089552239,0.0157911175828176,4.90910083727703,0.0982085911903895,1276.40698944303,K,1,90,16,ERA5_CHIRPS,1981,2019,5,30
AMZBR_0341,a0341,Amazon Polygon 0341,-59.5,-12.5,NA,NA,2,3,0.668453719723183,0.181541522491349,0.0159257352941176,4.6780276816609,0.103732698961938,1216.35813148789,K,1,90,16,ERA5_CHIRPS,1981,2019,5,30
AMZBR_0342,a0342,Amazon Polygon 0342,-59.5,-13.5,NA,NA,2,3,0.699488842211707,0.186988779988865,0.0157302321721259,4.91277867918269,0.087079116612656,1214.97471074384,K,1,90,16,ERA5_CHIRPS,1981,2019,5,30
AMZBR_0343,a0343,Amazon Polygon 0343,-53.5,-13.5,NA,NA,2,6,0.556761283851555,0.280124373119358,0.0183568706118355,5.03019057171515,0.0786880641925777,1240.33099297894,K,1,90,16,ERA5_CHIRPS,1981,2019,5,60
AMZBR_0344,a0344,Amazon Polygon 0344,-53.5,2.5,NA,NA,2,8,0.307401814058957,0.396586848072562,0.0224716553287982,4.62208616780045,0.108532426303855,1201.46031746032,K,1,90,16,ERA5_CHIRPS,1981,2019,5,30
AMZBR_0345,a0345,Amazon Polygon 0345,-73.5,-6.5,NA,NA,2,8,0.38418927140332,0.323272575377048,0.0253926179596497,4.18006928075437,0.134395888997171,1213.40132840139,K,1,90,16,ERA5_CHIRPS,1981,2019,5,60
AMZBR_0346,a0346,Amazon Polygon 0346,-65.5,-11.5,NA,NA,2,8,0.436925311203319,0.291680497925311,0.0164742738589212,4.73112033195021,0.10660857538036,1211.53526970954,K,1,90,16,ERA5_CHIRPS,1981,2019,5,30
AMZBR_0347,a0347,Amazon Polygon 0347,-69.5,-1.5,NA,NA,2,3,0.566508552631579,0.187552631578947,0.02448125,4.32605263157895,0.137514473684211,1178.75657894737,K,1,90,16,ERA5_CHIRPS,1981,2019,5,60
AMZBR_0348,a0348,Amazon Polygon 0348,-59.5,4.5,NA,NA,2,8,0.41111091393079,0.277334516415262,0.0196432120674357,5.4318544809228,0.129808340727595,1221.20674356699,K,1,90,16,ERA5_CHIRPS,1981,2019,5,30
AMZBR_0349,a0349,Amazon Polygon 0349,-50.5,-10.5,NA,NA,2,6,0.568891694352159,0.229058803986711,0.025399634551495,4.89614617940199,0.106660465116279,1234.76079734219,K,1,90,16,ERA5_CHIRPS,1981,2019,5,40
AMZBR_0350,a0350,Amazon Polygon 0350,-50.5,0.5,NA,NA,2,8,0.339461871069182,0.341968553459119,0.0205159591194969,4.81088836477987,0.145310927672956,1209.13128930818,K,1,90,16,ERA5_CHIRPS,1981,2019,5,120
