-51.07975599848885,0.03819639222563976,0
-51.08867149998988,0.0369640890181545,0
-51.09427474199221,0.03557207231735022,0
-51.09938060736533,0.03304789290710179,0
-51.10608922950833,0.03170880409889883,0
-51.11105950458683,0.03194851757093016,0
-51.11716154962724,0.0316891886871758,0
-51.1237610342268,0.03256284464497528,0
-51.12817868370115,0.0327772062134269,0
-51.13406085319752,0.03694200653650192,0
-51.1349181065531,0.04197094494048109,0
-51.13519944923884,0.04752075410357408,0
-51.13550979144972,0.05251593090771179,0
-51.13516046613852,0.05969256754239436,0
-51.13541708247804,0.06579192123290251,0
-51.13509338314128,0.07241790425483598,0
-51.13476582247844,0.07904709878649165,0
-51.13222824254711,0.08556968253444958,0
-51.13066270564828,0.09490334632415237,0
-51.13039248320337,0.1004241680081649,0
-51.12843787955123,0.1064171668954894,0
-51.13211484897046,0.1104684121120738,0
-51.13686641281035,0.1151268819585822,0
-51.14156325637118,0.1208895544018653,0
-51.1429467511557,0.1264911949272131,0
-51.14430370743585,0.1326442639221276,0
-51.14511405095459,0.1387686928165803,0
-51.14531875156226,0.1459703879547185,0
-51.1400278329538,0.1523518588819913,0
-51.13305191871783,0.1592047142811956,0
-51.12844228923587,0.1628533726891884,0
-51.1254633620146,0.1671341215832403,0
-51.12406055010812,0.173150753326044,0
-51.12262937039932,0.179718553000452,0
-51.12072695519903,0.1846033128353669,0
-51.11659095800797,0.1899317507774684,0
-51.11193173471485,0.1946814064239428,0
-51.10666818799073,0.200507568729225,0
-51.1029809718218,0.2080701127153893,0
-51.10102884724419,0.2140575213974418,0
-51.10073004518466,0.2201238021451829,0
-51.09883387740889,0.2250090971360603,0
-51.09693767060594,0.2298945307696932,0
-51.09432887373835,0.2380640182892825,0
-51.09180028850386,0.2445782545239878,0
-51.08761627107975,0.2510118151268732,0
-51.0839303113749,0.2585762793494684,0
-51.08305715415651,0.2651728708250263,0
-51.08276376756249,0.2712473957916239,0
-51.08360078580242,0.2768242476857802,0
-51.08330733680754,0.2828998553988706,0
-51.08359188334589,0.2884492360579294,0
-51.0849002585241,0.2957102241390198,0
-51.08626222317498,0.3018672396898835,0
-51.08599486971511,0.3073907266013676,0
-51.08680700248429,0.3135273140862895,0
-51.08704057779701,0.3201908710080862,0
-51.08790605418793,0.3252234238970692,0
-51.08813527861271,0.3318750424383954,0
-51.08799968730735,0.3346317390959731,0
-51.09022357828056,0.3561592052363873,0
-51.08714161328153,0.362645761677404,0
-51.08077612750463,0.3684201362056512,0
-51.07562522972594,0.3720372577678259,0
-51.06989552103242,0.3761792559684632,0
-51.06642485115279,0.3793270624181633,0
-51.06226600498633,0.3852090515282681,0
-51.05926402861336,0.3900416868868399,0
-51.05618119943964,0.3965291592079466,0
-51.0525487107757,0.4029871889888171,0
-51.0505976407044,0.4089743322933104,0
-51.05035655293191,0.4139374581221783,0
-51.05163693851313,0.4217387223476928,0
-51.05189427480138,0.4278326072063199,0
-51.04997128970321,0.4332680115576221,0
-51.04915174393977,0.4387574665801756,0
-51.05285348113347,0.442255749807779,0
-51.05821098602917,0.4458350474536928,0
-51.06193626607303,0.4487811376064368,0
-51.06894405869904,0.4524397524655641,0
-51.07537302938526,0.456622823684244,0
-51.08017391490875,0.4601734489007256,0
-51.08652029439848,0.4660100545807062,0
-51.09134800051057,0.469008780773349,0
-51.09667242832965,0.4731368618431409,0
-51.10028745851395,0.4782866050809716,0
-51.10450816016785,0.4823602303673611,0
-51.10928465542457,0.4864629517395389,0
-51.11133226436777,0.4898809370897038,0
-51.11492920139607,0.4955870781108629,0
-51.11797471622382,0.501266796472062,0
-51.12325453146461,0.5065035033457281,0
-51.127454945685,0.5111329737561391,0
-51.13054715889183,0.5157052041468492,0
-51.1313799589192,0.5212734873978087,0
-51.13163440158816,0.5273664640298887,0
-51.13469956407739,0.5324896790310959,0
-51.13781853323994,0.5365097536745904,0
-51.14251300066357,0.5422661272982636,0
-51.14624059072626,0.5452128176076989,0
-51.15328608173412,0.555331826388977,0
-51.15976734537283,0.5584106347561827,0
-51.16454184394425,0.562512006121645,0
-51.16923639598689,0.5682676994488377,0
-51.1729080536973,0.5723153283389861,0
-51.1770762211616,0.5774923726238198,0
-51.1813250756329,0.5810153675036909,0
-51.18552097675308,0.5856413360699801,0
-51.19137177735445,0.5903479779154741,0
-51.19352369531983,0.591558210279765,0
-51.19990044496443,0.5968430569190676,0
-51.20577992712681,0.6009979858019505,0
-51.21118991257815,0.6034714475494229,0
-51.21712707932927,0.6065218749044688,0
-51.22088277694087,0.6089135434417426,0
-51.22681737285932,0.6119625836107782,0
-51.23327439064767,0.6155889418963947,0
-51.23922758936132,0.6180899140143271,0
-51.24677506780407,0.6217829961622678,0
-51.25275759188514,0.623736260813109,0
-51.26034307538109,0.6268703198767587,0
-51.26682605388282,0.6299467648472528,0
-51.27118330605677,0.6312624622062082,0
-51.281546875085,0.6339645909041448,0
-51.28923764853467,0.6348931352393227,0
-51.29751197520274,0.635303852067186,0
-51.30192194703445,0.6355179006737077,0
-51.30795835724873,0.6363632618530731,0
-51.3150696520902,0.6378130555058462,0
-51.31997303128644,0.6391533566324056,0
-51.32974957110918,0.6423836867425141,0
-51.34451792172438,0.645878156608256,0
-51.35099974578739,0.6489568310240947,0
-51.35577188325636,0.6530560812537893,0
-51.35828249199103,0.6581485055930993,0
-51.36245943214648,0.6633302371310495,0
-51.36718482446611,0.6685369344885509,0
-51.37027953434061,0.6731094067804679,0
-51.37279697970931,0.6782071515066037,0
-51.37641871238467,0.6833598979018539,0
-51.37951563758674,0.6879344323649431,0
-51.38424106150305,0.6931418788623208,0
-51.38789009304865,0.6977440209106107,0
-51.3926692429855,0.7018488307038028,0
-51.39525739849386,0.7052845404213287,0
-51.36937813884603,0.7138543610910106,0
-51.35972565029769,0.7162501963736911,0
-51.34807841632759,0.7204565500507968,0
-51.33738776308883,0.7247027882241311,0
-51.32955031283468,0.7290865240991707,0
-51.32247957084131,0.737317215114856,0
-51.31455122039753,0.7435994690658915,0
-51.30282036561827,0.7496956100047556,0
-51.29489120513318,0.7559783767445919,0
-51.28601113053392,0.7622148052837869,0
-51.2781276529242,0.7675472077100516,0
-51.27019756410469,0.7738306226826979,0
-51.25941466302213,0.7799747618989392,0
-51.25071820718924,0.7824088422611474,0
-51.24102389868773,0.7857473681665175,0
-51.23037831661392,0.7890400509105467,0
-51.21882727441312,0.7913352818624093,0
-51.20908457139903,0.795624820028777,0
-51.19920172184549,0.8027671693971933,0
-51.19493236622549,0.8120903281857543,0
-51.19446767964043,0.8215995727317944,0
-51.19395651060724,0.8320602450480586,0
-51.19349247102659,0.8415703468935944,0
-51.19298308580452,0.8520314487925054,0
-51.19252000017472,0.8615414566851056,0
-51.1920106145947,0.8720023562979281,0
-51.19159399317788,0.880561092432063,0
-51.19094688396864,0.8938735643190991,0
-51.19053089787201,0.9024312291887228,0
-51.19002252214689,0.9128902000109842,0
-51.18956034447302,0.9223980113820581,0
-51.18724163005367,0.9308631220005545,0
-51.17907551653863,0.9419059171594131,0
-51.16842367403314,0.9452059417926815,0
-51.15695749973079,0.9456080803198492,0
-51.14458253980254,0.9450151461486138,0
-51.13601320316741,0.944605217496149,0
-51.12702748895504,0.9527547218706995,0
-51.11817920025382,0.9580517763215759,0
-51.10733247421786,0.9651608388715694,0
-51.09733959577532,0.974223082151213,0
-51.08906216729348,0.987186251445814,0
-51.08959416069354,0.9957985836269942,0
-51.09007968633568,1.005362735876167,0
-51.08965911472876,1.013930057220935,0
-51.08909832225734,1.025353614631464,0
-51.08386626334082,1.034648480227186,0
-51.07949315929972,1.04589356194781,0
-51.07416523904433,1.057096302230598,0
-51.06802090474991,1.065402243744516,0
-51.06073402463573,1.077475384620413,0
-51.054494588064,1.087688468949138,0
-51.05020812431617,1.097039971746828,0
-51.04473084946333,1.111114493023438,0
-51.04244486098982,1.118651909146436,0
-51.0320323602528,1.140615153052909,0
-51.02681219596455,1.149893419466497,0
-51.02154557475631,1.160121135028266,0
-51.01732287174801,1.168493652429625,0
-51.01205599276689,1.178721720442943,0
-51.00859864541239,1.19094512780521,0
-51.00808826190022,1.201407174183782,0
-51.00762498857871,1.210920237416738,0
-51.00516650409397,1.222241496873089,0
-50.99904153806634,1.230521697130971,0
-50.99196442624868,1.238754336920703,0
-50.98593107221964,1.245131883792264,0
-50.97708902905609,1.250418666866369,0
-50.96620368068837,1.258465975072633,0
-50.95722086708454,1.266607176427552,0
-50.95285771813473,1.277835003932672,0
-50.95053718838079,1.286302391349777,0
-50.94612764550784,1.298481412933927,0
-50.94408492948474,1.301242031896541,0
-50.9304633682858,1.323570571203809,0
-50.92628626592931,1.330994487791472,0
-50.92097204147128,1.342176902944731,0
-50.92036892275915,1.354543611696992,0
-50.92180787507232,1.364149161833055,0
-50.9240127197132,1.377605398450947,0
-50.92454671127322,1.386211978573487,0
-50.92408299205399,1.395722392633537,0
-50.92239076445746,1.410891319514163,0
-50.92188301182375,1.421349760342453,0
-50.9157596992393,1.429627296406945,0
-50.9088658848732,1.434058220998378,0
-50.89435409641108,1.438121577712251,0
-50.88907986740431,1.448354618868306,0
-50.89056458380023,1.457007844458988,0
-50.89386059228141,1.467654931262811,0
-50.89810858993263,1.478346926755036,0
-50.90240289904244,1.488086737770782,0
-50.90850003882046,1.499835542354859,0
-50.91460343921375,1.511572945296386,0
-50.9189894897058,1.519412922872351,0
-50.92409455254322,1.53205506546638,0
-50.92444158787475,1.544468218213216,0
-50.918313079478,1.552756403608623,0
-50.90833030490467,1.561814092746821,0
-50.90686614390254,1.57223629608306,0
-50.90640042184125,1.581753138865026,0
-50.90602651450969,1.589372124765198,0
-50.90922671160055,1.601937462233453,0
-50.91080360480807,1.608697072142407,0
-50.91405120621472,1.620312084995403,0
-50.91634707889987,1.631882866187384,0
-50.91673886491547,1.643365193845864,0
-50.91617768318489,1.654810287369634,0
-50.91566321635727,1.665303709669119,0
-50.9163817416787,1.67012012434738,0
-50.90108221760064,1.690673901059641,0
-50.89495423369029,1.698955578461833,0
-50.88778156008635,1.709093166619128,0
-50.88174588966489,1.715472133196986,0
-50.87348121426844,1.728416701969995,0
-50.8701147853571,1.738740470792123,0
-50.86851265731692,1.75201081448821,0
-50.86786120337618,1.765327623164126,0
-50.86983283301322,1.783539774835228,0
-50.87217822965014,1.794140869561278,0
-50.87433780765916,1.808545520548395,0
-50.8746398402592,1.821905950488331,0
-50.87498827072025,1.834314749189217,0
-50.87447768923038,1.844775191140996,0
-50.87405803225791,1.853336992433015,0
-50.87145339436456,1.867518236591782,0
-50.87012694013721,1.875086731691873,0
-50.86761413950291,1.887369816138773,0
-50.86514781673997,1.89870258688393,0
-50.86463220058409,1.909176750109987,0
-50.86425716326724,1.916795097446778,0
-50.86074403286124,1.929990919057586,0
-50.86027477404536,1.939516762897239,0
-50.86270939444464,1.948229037818697,0
-50.8680014257008,1.957079745093894,0
-50.87819623320911,1.96330169649675,0
-50.88843798554949,1.968570668448162,0
-50.89791390504883,1.96998435668591,0
-50.90866825076128,1.964774100604979,0
-50.91842269534742,1.960471016383259,0
-50.92680544619609,1.96469678456952,0
-50.93409692899154,1.971734943706936,0
-50.94025058476164,1.982529825610647,0
-50.94450003410132,1.993231127440396,0
-50.94607906641536,1.999987686755826,0
-50.94171315906808,2.011235273687257,0
-50.93976234237478,2.012097340520033,0
-50.92030289534806,2.019637225090453,0
-50.9113163756145,2.02777589584812,0
-50.90908674129252,2.034340490259885,0
-50.89954113061693,2.053908215952631,0
-50.89907627512804,2.063428233589044,0
-50.895894687683,2.069951904878727,0
-50.89143592622963,2.083091809973552,0
-50.88902080659436,2.093468551955384,0
-50.88850977139452,2.103937781558581,0
-50.89547496553357,2.117634085880918,0
-50.89786590603471,2.127288527481634,0
-50.90111567714777,2.138892016596142,0
-50.90255454657813,2.148498778187911,0
-50.90580409712828,2.160101148902692,0
-50.90838072569433,2.165948741164518,0
-50.91511180474625,2.184394931809833,0
-50.91836089848144,2.195995220979296,0
-50.9205190916774,2.210401018722174,0
-50.92472025537044,2.222046527449131,0
-50.92706450584293,2.232647940182561,0
-50.93240329809731,2.240535288347551,0
-50.93665070077424,2.251229197367032,0
-50.94308052941136,2.256309273589583,0
-50.9462364902594,2.26980921236209,0
-50.94667667733023,2.280316558621903,0
-50.94593417124811,2.295534604313811,0
-50.94637593568591,2.306044706473816,0
-50.96037640213164,2.31244980632389,0
-50.96376718992185,2.321197403794588,0
-50.96348934546862,2.32690570718317,0
-50.96274831467591,2.342128947597884,0
-50.96128708804443,2.352549457882676,0
-50.96087014111307,2.361113631964208,0
-50.96121987652111,2.373530655856288,0
-50.96551621562499,2.38327702640914,0
-50.96696000464345,2.39289398660512,0
-50.96649955365101,2.402419623829964,0
-50.96975667963874,2.414039024768315,0
-50.97510349065173,2.421942160116684,0
-50.97949799202222,2.429798288105702,0
-50.98185000753497,2.440421530491909,0
-50.98225131362111,2.451907158830913,0
-50.97798121687758,2.461256254997205,0
-50.97185027091587,2.469557674372785,0
-50.96372027477308,2.479673574421894,0
-50.96126069325241,2.491024041644089,0
-50.96665561946062,2.497979942111411,0
-50.97427983258986,2.49835271045106,0
-50.98085865746911,2.500585369453929,0
-51.00073314094483,2.504419761225728,0
-51.00740388455497,2.50474397674716,0
-51.01697924307927,2.504253168217064,0
-51.02097379639099,2.500622634181989,0
-51.03576833869437,2.490824029142438,0
-51.04475299958626,2.482656875375426,0
-51.05854487191573,2.473768288884664,0
-51.07002450184037,2.473373711407057,0
-51.08532036474415,2.473171596607775,0
-51.08727195245653,2.472312055692927,0
-51.1008878655168,2.467248483458935,0
-51.11636496826196,2.463232077979393,0
-51.13660939707211,2.459450787808575,0
-51.14392175405326,2.466499253873313,0
-51.14759989708633,2.469546277024947,0
-51.17158831384386,2.464900808981623,0
-51.18301066698282,2.465456395628656,0
-51.19166988523014,2.463971222743789,0
-51.20227890573001,2.461627710881277,0
-51.21569712728483,2.460373885097781,0
-51.22526159257342,2.45988577006014,0
-51.23573110686639,2.460394593519614,0
-51.24715358857839,2.460950305404631,0
-51.25639507881386,2.46711839279663,0
-51.26359355287703,2.476045613878891,0
-51.26960863863793,2.489679530076662,0
-51.27585463144804,2.498559066255861,0
-51.28599963273377,2.505721031864266,0
-51.29862891856447,2.520621037707751,0
-51.30568517000278,2.532390426492048,0
-51.31332138569309,2.551804168130845,0
-51.31557496678196,2.564299885513698,0
-51.31896443541117,2.573039033356069,0
-51.32240024415451,2.580827731506163,0
-51.32674126014069,2.589613001711034,0
-51.33370792084526,2.603298158744584,0
-51.34053884099995,2.619842279739624,0
-51.34374747836859,2.632394826232122,0
-51.34500587619893,2.645802971575324,0
-51.34717055765812,2.660211793250597,0
-51.34766311279719,2.669777088045743,0
-51.35005941884395,2.679435295156003,0
-51.35250198447382,2.688142550954145,0
-51.35594257931725,2.695944204874384,0
-51.35915437479061,2.708508949498501,0
-51.3623208667189,2.722028351080054,0
-51.36277123794051,2.732563527371971,0
-51.36335901782861,2.740241661230597,0
-51.36453497180832,2.755601985125329,0
-51.36684475806638,2.767188297094892,0
-51.36761410853113,2.771048019426298,0
-51.37916132374285,2.783371954792315,0
-51.38703886655775,2.798048970042111,0
-51.39224439108872,2.808783802736722,0
-51.39549672179548,2.820376917206821,0
-51.3979813219832,2.828121366418223,0
-51.4019526347509,2.84451596781738,0
-51.40515787204231,2.857062116820385,0
-51.40736486413727,2.870514006380253,0
-51.40817786202008,2.873413139431888,0
-51.40720425333257,2.893385738963301,0
-51.40873764173149,2.901087056192397,0
-51.40794927512475,2.917257892970997,0
-51.40734718285522,2.92962359846267,0
-51.40588520094454,2.940041564514655,0
-51.40728058182152,2.95059742304427,0
-51.410627341293,2.960293763793252,0
-51.41878298160233,2.969267497622376,0
-51.42308186887151,2.979011555852919,0
-51.425800500986,2.98200269748943,0
-51.43463141865003,2.996730644390149,0
-51.43820942848552,3.001673353126356,0
-51.44622576605973,3.013509176843228,0
-51.45247663389482,3.022397947977864,0
-51.45691539577578,3.029291629881131,0
-51.46207512545955,3.041001127077436,0
-51.46360986282581,3.048719508807069,0
-51.46505229539604,3.058345992925113,0
-51.47279505307868,3.075925950193692,0
-51.47646816266985,3.078969493638134,0
-51.48811858216602,3.094820278432763,0
-51.49156207190794,3.102632724250206,0
-51.49791141037952,3.109630178768869,0
-51.50549445355892,3.134346907185223,0
-51.50980812831706,3.144097108097178,0
-51.51689068469888,3.155888879551169,0
-51.52129283928781,3.163732443918571,0
-51.52851058536819,3.17266692028196,0
-51.53472815437111,3.182504162301199,0
-51.54180672978328,3.19428782564187,0
-51.54802216368482,3.204121077139077,0
-51.55862317636735,3.221784827490768,0
-51.56845387584973,3.235598485836868,0
-51.57198670726677,3.241485495231665,0
-51.57900532440433,3.254209581623524,0
-51.58411505974543,3.266842164568954,0
-51.59140842910639,3.273863732131332,0
-51.60055964442343,3.281928122209883,0
-51.6097114140399,3.289992846129504,0
-51.61800404082904,3.296110376341128,0
-51.62611226388627,3.306031396778769,0
-51.63141259147825,3.314861091347669,0
-51.64029210335513,3.328625471465118,0
-51.64912473738795,3.343340722896445,0
-51.65814072350601,3.354256209470192,0
-51.66743276525764,3.359464805026313,0
-51.6785367872436,3.366665737354523,0
-51.68701433322691,3.368980194720122,0
-51.69649012674545,3.370390175665817,0
-51.70678111469451,3.374699507631693,0
-51.71512260621189,3.379868452246724,0
-51.72432472512651,3.386983669588942,0
-51.73424643840512,3.398889687584714,0
-51.73940820943736,3.41056914341097,0
-51.73419033190824,3.419851071424068,0
-51.72797507203468,3.430042246561614,0
-51.72470963243495,3.438475857506829,0
-51.72407298040557,3.451807747767742,0
-51.72738220265247,3.462464846102942,0
-51.72824367890219,3.464414902925671,0
-51.74371103505273,3.480429586866639,0
-51.74983665920577,3.49218342187873,0
-51.75596349527772,3.503939345124434,0
-51.76218166353407,3.513790103293435,0
-51.76858147513851,3.519829120467677,0
-51.77485080042057,3.52873962211276,0
-51.78375814063525,3.542562255049336,0
-51.78330892505829,3.5521027469602,0
-51.78481246278876,3.560784573477586,0
-51.78941679213388,3.581301163617755,0
-51.78768202902036,3.59741616862543,0
-51.7830945949322,3.613395483685789,0
-51.77860093221575,3.627475419524122,0
-51.77501412625896,3.642553207121697,0
-51.76965789432368,3.654687264018902,0
-51.76802152094753,3.668907835488968,0
-51.76752020145997,3.679370591288045,0
-51.76897030166035,3.688974607096837,0
-51.77228573368777,3.699628178983846,0
-51.77469428002424,3.709286172656852,0
-51.77424298483646,3.71880676688439,0
-51.77392704582573,3.725471884317724,0
-51.77597525239448,3.742752498944868,0
-51.77960929825404,3.746747670053724,0
-51.79042210000794,3.7606385171158,0
-51.79369315515893,3.77225065289917,0
-51.78933702677308,3.783499296613453,0
-51.78407435230103,3.793755301894338,0
-51.78262612803697,3.804197098910094,0
-51.78217654443073,3.813732985429083,0
-51.78567788201228,3.820593227877326,0
-51.79394999600326,3.827684595679209,0
-51.8107745042796,3.836160715903078,0
-51.81950130029094,3.833720990632377,0
-51.82922715993706,3.830373219839918,0
-51.84012683748854,3.822297075160173,0
-51.850026705001,3.815129256279221,0
-51.85693060914952,3.810685694323529,0
-51.86474853741364,3.807247379213158,0
-51.87699898350346,3.814847789913212,0
-51.87940970889124,3.824495668489325,0
-51.87110422755084,3.838396685726566,0
-51.86424786805966,3.84188049248166,0
-51.85621207947805,3.850074647756612,0
-51.84908557959677,3.85926714141657,0
-51.84204906312033,3.866557377732196,0
-51.83496565883186,3.874798583968175,0
-51.82606579047944,3.881045099670201,0
-51.81898153433053,3.889286618330868,0
-51.81475742669969,3.897666479354997,0
-51.81516384412069,3.909131675876389,0
-51.82356189578213,3.913349338078583,0
-51.83309628101622,3.913807029003654,0
-51.84235693072621,3.919973340357761,0
-51.84471538826326,3.930577013328614,0
-51.85165927910582,3.945216200957398,0
-51.85615328035004,3.951154265761192,0
-51.86151292181849,3.959045795322807,0
-51.87264302226426,3.966263785672353,0
-51.87805205337033,3.973208260367642,0
-51.88432634440828,3.982105368549217,0
-51.8907801937,3.987190996165806,0
-51.90213784064935,3.989645795769236,0
-51.91162949705397,3.991052199368219,0
-51.9217090740587,4.000117057758055,0
-51.92915417719164,4.00428498113011,0
-51.94435952504353,4.00595490982635,0
-51.95231038160614,3.999659683205707,0
-51.959722883232,4.00479243259013,0
-51.96400300029264,4.015501268536091,0
-51.96928338332086,4.025305304971962,0
-51.9737440648395,4.032205992856566,0
-51.98606890381866,4.034715527197623,0
-51.99757408701429,4.034320365547488,0
-52.00612551752046,4.035691262401562,0
-52.01363317899663,4.038921427239999,0
-52.03703897090203,4.045400458449644,0
-52.04434516151338,4.052414989456624,0
-52.04407381935502,4.058116304587267,0
-52.04629970281926,4.07155734590649,0
-52.04861641067419,4.083099572457785,0
-52.05002550392686,4.093647343155928,0
-52.05325112306188,4.106189093605131,0
-52.05774485560918,4.112121441098292,0
-52.06895479430352,4.117420730601872,0
-52.07721495651803,4.124485267299495,0
-52.08623896834799,4.134430404470655,0
-52.09547133899663,4.141544782793337,0
-52.10639339633338,4.153509299796757,0
-52.114524051454,4.163428489609299,0
-52.12270200978811,4.172398069561623,0
-52.12992857691707,4.181323778487438,0
-52.13420378650589,4.192015817889319,0
-52.12807378427129,4.200302723149745,0
-52.12567001649785,4.210675657856039,0
-52.12521530374343,4.220186041142307,0
-52.12472758608261,4.230659050243984,0
-52.1271448326785,4.240317198811206,0
-52.12761095331358,4.25083904909815,0
-52.12821005719603,4.258504825068806,0
-52.12767813850858,4.269937644821574,0
-52.12905403378972,4.281463096488565,0
-52.13637573096587,4.288495635508319,0
-52.14479398769647,4.292724918003835,0
-52.15703401606579,4.297139777017972,0
-52.1722279803989,4.29978466155888,0
-52.18275284311632,4.299312204475497,0
-52.19239870130581,4.29787267602777,0
-52.20409061313953,4.293667868321452,0
-52.21332192036876,4.292868031055163,0
-52.22243847423175,4.301869097784309,0
-52.22335395291712,4.302871276380311,0
-52.24576599111549,4.308323581312675,0
-52.25100529451788,4.311227918146392,0
-52.2605907835728,4.318900308841869,0
-52.26111616264287,4.327052633200767,0
-52.26504165818422,4.339876940195202,0
-52.270979766275,4.348280069837732,0
-52.27871949578499,4.356765487702488,0
-52.28821460067339,4.366230233114419,0
-52.29413725705287,4.374618599839587,0
-52.30001821843241,4.383908503352267,0
-52.30358441575828,4.384978752050543,0
-52.31642686093976,4.400008548984394,0
-52.31801718166641,4.40459370804756,0
-52.32463810143044,4.417539375889404,0
-52.32855577638526,4.430366714002241,0
-52.33354466593283,4.439625701389361,0
-52.33956535990392,4.446227249312296,0
-52.34739230820915,4.452914760851127,0
-52.34877037239645,4.462003426299493,0
-52.35010568103238,4.471992752943294,0
-52.35419312866573,4.481210782034323,0
-52.35492504429583,4.484855188694572,0
-52.35471579157251,4.508308770852605,0
-52.36061027329703,4.517614174655585,0
-52.36844004471721,4.524304454534795,0
-52.37265717661111,4.530823074888042,0
-52.37945635259961,4.540172607933958,0
-52.38178187520737,4.548406936629432,0
-52.38673177424162,4.558570680216696,0
-52.39094415110462,4.565076281360944,0
-52.39949362617877,4.575379865526059,0
-52.4037213393452,4.581920427929176,0
-52.41045649946953,4.593114821193412,0
-52.4065179844075,4.600190078520775,0
-52.39710252530446,4.607887122526627,0
-52.38978783337743,4.609349640719928,0
-52.37687387429974,4.614140024920057,0
-52.37024443365804,4.620130017493431,0
-52.36525514611338,4.629824976057075,0
-52.36285218872511,4.642371639602268,0
-52.35790469039264,4.651164347961985,0
-52.35687271165662,4.653826039075993,0
-52.36041704728122,4.673563556529675,0
-52.36554283584582,4.68011624953943,0
-52.37334093590319,4.687696954836357,0
-52.37928880498231,4.696095935957334,0
-52.38523418004234,4.704497536547113,0
-52.39276743034262,4.717488497258593,0
-52.39685762846553,4.72670685538787,0
-52.40364867980263,4.735143809630883,0
-52.40957009134846,4.742629531770213,0
-52.41540917003843,4.753732994177212,0
-52.42142193905821,4.761242045881443,0
-52.42751937515703,4.766952880390452,0
-52.43243000932579,4.778933616272148,0
-52.43382700090389,4.788033929274522,0
-52.42921972047863,4.789621021364036,0
-52.41460149666344,4.791623140468129,0
-52.40373191921267,4.791093539137184,0
-52.3928307003171,4.791468522932318,0
-52.38276630179468,4.794639093909375,0
-52.37170952756599,4.798632298683833,0
-52.35944897513202,4.808888527479113,0
-52.35191972076714,4.814853943286819,0
-52.34701574472016,4.822748956329691,0
-52.34301522511795,4.83068685127333,0
-52.33974821911323,4.84227516588868,0
-52.33566263242083,4.852020936879428,0
-52.33342730136133,4.860951316012401,0
-52.33472260820935,4.871856006507587,0
-52.33782576493522,4.882843598717119,0
-52.33666446143367,4.888208254782301,0
-52.32883012507177,4.900482651236562,0
-52.32198531620676,4.910997711733362,0
-52.32142799786427,4.922717544491814,0
-52.32306621997254,4.926418396476139,0
-52.33227169153982,4.917818320342203,0
-52.33726864094435,4.911795515907145,0
-52.34241377088647,4.902649688573081,0
-52.34748441325456,4.895065618014153,0
-52.35386217007306,4.8930211675352,0
-52.36225596276135,4.898112854598823,0
-52.36729616003694,4.907744996853487,0
-52.37255803401797,4.912690489416057,0
-52.38095329456897,4.917783239015728,0
-52.38468637592148,4.92187509427579,0
-52.39368937000253,4.930928040794694,0
-52.40198315436978,4.938380352739422,0
-52.40960320924205,4.94344836924421,0
-52.41797255434191,4.949335344277682,0
-52.42630150318214,4.955998863809622,0
-52.4316428771286,4.959387627266318,0
-52.44147777159164,4.967707148179876,0
-52.44222618628026,4.968527941447572,0
-52.44572576231844,4.983367083523294,0
-52.44714339550241,4.986561111947116,0
-52.45833448238157,4.998815676659372,0
-52.46721329724286,5.010179250469264,0
-52.47549521617979,5.017605151825972,0
-52.48000927116314,5.021726330800231,0
-52.4868358385497,5.02673771607076,0
-52.49500628456666,5.036502752393434,0
-52.50030289647437,5.040660515697674,0
-52.50634552745538,5.045635095307536,0
-52.51679096341265,5.057071196897484,0
-52.52137867007103,5.059632096565352,0
-52.52980791686824,5.063936618702382,0
-52.54368243266807,5.069280861450355,0
-52.55531908056503,5.072173854151137,0
-52.56322428330921,5.070981367515714,0
-52.57586587777516,5.06923006425292,0
-52.58661167448722,5.074428104072531,0
-52.59653663023833,5.080367841895473,0
-52.60657190972003,5.083966389447307,0
-52.61653444731227,5.089125753916073,0
-52.62959398806247,5.095212253862134,0
-52.63646099875518,5.099444519185762,0
-52.64777657378525,5.109363363765412,0
-52.65386101334263,5.113559131155161,0
-52.66058464121876,5.120914942947048,0
-52.66712879495834,5.13217614088571,0
-52.66975760578761,5.143256758008685,0
-52.67092829150012,5.151922453838176,0
-52.67441672416826,5.161483175680646,0
-52.67894538755418,5.165616496990872,0
-52.70661585173431,5.179390044833987,0
-52.7158706279449,5.182949116495951,0
-52.7210599226113,5.189446484050762,0
-52.7269969389145,5.196760024106327,0
-52.73670350585011,5.207377279976171,0
-52.74189450779174,5.213873433482037,0
-52.74868986644053,5.219661276845537,0
-52.75481188803685,5.223071560706369,0
-52.7623534778461,5.229675037064314,0
-52.76765446088383,5.23382897597102,0
-52.77512088638792,5.241995207058013,0
-52.78721486477887,5.251938727750219,0
-52.79460855786891,5.261665898128715,0
-52.80673973008868,5.27082825900845,0
-52.81745053579907,5.276796141032488,0
-52.82741525553691,5.281954812652058,0
-52.84033356048796,5.291168934164307,0
-52.84951746381417,5.296292407577675,0
-52.86172794609264,5.303906092865848,0
-52.8693828809943,5.30817617210444,0
-52.87935299598023,5.313336485573461,0
-52.89473710982128,5.320312968362628,0
-52.90620540945558,5.327110229713672,0
-52.91151481443804,5.331276823247948,0
-52.92279121644093,5.342800331482358,0
-52.9288911456249,5.347011321863774,0
-52.93569992892039,5.35281511699637,0
-52.94247386646822,5.359401516168819,0
-52.95545470373234,5.367847973692576,0
-52.95994922569827,5.372762244787442,0
-52.9690462204988,5.380245065262853,0
-52.98289224895715,5.387171173225609,0
-52.98906804714048,5.389816077359907,0
-53.00056922389098,5.396641610960629,0
-53.00982325145354,5.401008389044181,0
-53.01218066323025,5.401121158665516,0
-53.02829206049179,5.414536067790898,0
-53.03505479838993,5.421102419878745,0
-53.03964814395739,5.423659783340916,0
-53.04816020934511,5.426397938058344,0
-53.05745630968411,5.429172199835017,0
-53.07469743789076,5.429967325182071,0
-53.08559585247968,5.432033357450478,0
-53.09721464149548,5.435695798267597,0
-53.10409257629254,5.439922099316736,0
-53.11186314172951,5.441843868086731,0
-53.1335021863392,5.449878526599144,0
-53.14120302807699,5.453361479143664,0
-53.14890452753798,5.456844609050546,0
-53.16273990273166,5.463739074534064,0
-53.17429162073527,5.468963906488245,0
-53.23305929906346,5.489634268334689,0
-53.24168760671141,5.490027564386181,0
-53.2503515693847,5.489640412933738,0
-53.25684431843705,5.485244623771957,0
-53.26800120872642,5.481844891258381,0
-53.27826339815485,5.480750297422324,0
-53.28453736874843,5.481035487776885,0
-53.29469463324862,5.482278940530915,0
-53.30399282390619,5.485046992089132,0
-53.31948789455853,5.489659525719103,0
-53.32479290434664,5.493808935762468,0
-53.33469142420832,5.500511561653777,0
-53.34305848399405,5.506362606304799,0
-53.35388323673644,5.509981384194973,0
-53.36705781446954,5.513711169082301,0
-53.37923498816774,5.522085311692467,0
-53.3882794369445,5.530316516543955,0
-53.39739643102067,5.536987684925931,0
-53.4065884137275,5.542105014318196,0
-53.42041249142479,5.548995305236061,0
-53.43288313844294,5.551129705049055,0
-53.44228799676692,5.551556550623656,0
-53.45639877470352,5.552200902491065,0
-53.46192131359785,5.551670216349804,0
-53.48094489339786,5.547841707324318,0
-53.48172882614291,5.547877449467039,0
-53.49277363541852,5.546815587997949,0
-53.50003607683988,5.542450696485818,0
-53.51281949371328,5.537555026437732,0
-53.52175802623984,5.530923662807319,0
-53.52848977778006,5.521066656090899,0
-53.53358418699804,5.512699507828964,0
-53.54106734453519,5.503659540502409,0
-53.55022502781022,5.492350215126249,0
-53.55688830205521,5.484054065648482,0
-53.56194707289594,5.476466537597485,0
-53.56287197929748,5.473381652604735,0
-53.57056493041964,5.459660056565913,0
-53.57736837071222,5.448243167170067,0
-53.58171754955416,5.439059732835532,0
-53.58367710398807,5.430549941361549,0
-53.58938313598253,5.426116995704639,0
-53.59669218040879,5.420974491773881,0
-53.61809779686872,5.412598980170792,0
-53.62998514864798,5.410011369164081,0
-53.6335438042199,5.400799299005869,0
-53.63610597786514,5.396228670514748,0
-53.64809945952354,5.391302370412599,0
-53.66080478487093,5.387969941495284,0
-53.67575279003341,5.387081331566708,0
-53.6803802251932,5.388851446208415,0
-53.6959002088446,5.392673358418331,0
-53.70316599021563,5.405496867129034,0
-53.71139240642059,5.414459025049227,0
-53.722717291775,5.424342141104394,0
-53.73507348672427,5.428803644046716,0
-53.74814351971474,5.434859645460346,0
-53.75409374168717,5.442158345295904,0
-53.76267597270619,5.443325260151881,0
-53.76659305115977,5.443501218468745,0
-53.78853311134731,5.444485799523305,0
-53.79946839041752,5.44575763695718,0
-53.80637969278549,5.449193203823355,0
-53.81257991472742,5.45103384515228,0
-53.82647913498312,5.456345226563679,0
-53.83677491832766,5.454462063915612,0
-53.84632215795833,5.451763649024432,0
-53.85842549427675,5.456221943795071,0
-53.86853890943919,5.458237968436125,0
-53.87711889621286,5.459403587370709,0
-53.89117556527265,5.460813129326376,0
-53.89815138204422,5.462687045745016,0
-53.90576963213893,5.467714157345652,0
-53.916380176077,5.476000102977693,0
-53.92407081800598,5.479468795113835,0
-53.93639136495436,5.484707170629012,0
-53.94711181713026,5.490655724736635,0
-53.95957608393665,5.49277564267436,0
-53.9704753117438,5.494825877417063,0
-53.9790257017633,5.496771487155576,0
-53.99541642173237,5.499067906905053,0
-54.00012028888904,5.499278318472336,0
-54.01187970911955,5.499803588095547,0
-54.02285609117754,5.500293562841808,0
-54.0330846038644,5.49996821537138,0
-54.04406335746762,5.500457867000447,0
-54.05265542172786,5.501622746330169,0
-54.06519420652863,5.50217978436421,0
-54.08471488714401,5.504609951205662,0
-54.08777967389003,5.506309534015583,0
-54.10303376088488,5.516367374324208,0
-54.10987719854662,5.521361280226879,0
-54.11896693271276,5.528799804606255,0
-54.12574084551472,5.535353782558454,0
-54.13486584289231,5.542011699943793,0
-54.14810074228109,5.544947639170122,0
-54.16035422182969,5.552534041393417,0
-54.17302043619664,5.560120306984183,0
-54.18457845633797,5.56531850973062,0
-54.19367479757685,5.572754469307795,0
-54.20440335212916,5.5787016023148,0
-54.21288683053749,5.582203277890941,0
-54.22457847415814,5.584281187399827,0
-54.23394953142856,5.585477107370275,0
-54.24805633575938,5.586102154967423,0
-54.26608259945515,5.586900405806432,0
-54.2896388525859,5.5871518727619,0
-54.29983067418956,5.587598611830289,0
-54.31080592281622,5.588079494407001,0
-54.32334717166974,5.588631291108875,0
-54.34219285483069,5.588681091514154,0
-54.35078015386803,5.589841790740607,0
-54.35783465684222,5.59015372879619,0
-54.37190984063277,5.591558167015306,0
-54.38053305123878,5.591939319850165,0
-54.39150871545797,5.59242425716437,0
-54.4007791379171,5.59596229405913,0
-54.40687967520866,5.600142742877782,0
-54.41311845753518,5.601200806489699,0
-54.4240284463815,5.603247552224333,0
-54.4482730049139,5.605883249430318,0
-54.46610966367385,5.611365037776459,0
-54.47317015252252,5.611676685890091,0
-54.4835746893099,5.607442294347637,0
-54.49067101250402,5.606973787500095,0
-54.50244101984397,5.607493027423265,0
-54.50793395541062,5.607735216192105,0
-54.5180324394888,5.610526801671555,0
-54.5297352534508,5.612606375825599,0
-54.53990335511379,5.61383591135077,0
-54.55089093297597,5.61431890183755,0
-54.56092468940471,5.618672182871613,0
-54.58117185158587,5.64681187399492,0
-54.59399109562225,5.662752098387224,0
-54.61242737555538,5.682782686114627,0
-54.63715552479955,5.691546565213084,0
-54.65786000451314,5.703981733028656,0
-54.66716473335122,5.712077154609563,0
-54.69148070698266,5.730450772570722,0
-54.70229998238585,5.748236616588789,0
-54.7194096861587,5.754756302984027,0
-54.73291357962711,5.755347342190583,0
-54.76378210852062,5.756697237694209,0
-54.80019476273158,5.764060321731456,0
-54.82125707054281,5.768828140466408,0
-54.85785391702726,5.772357152648976,0
-54.88867879843377,5.775644188295262,0
-54.90985054714248,5.778504043570312,0
-54.93859430042304,5.785548252296285,0
-54.97524342400727,5.78908957211144,0
-54.9945802286142,5.789941212339555,0
-55.02181963370879,5.787287724876417,0
-55.04892501711343,5.78849252833243,0
-55.05860695680158,5.788922039656482,0
-55.07991110687077,5.78986653876002,0
-55.12415248067982,5.799534168326465,0
-55.1292592639893,5.817115472101094,0
-55.14608086643245,5.833293259880748,0
-55.1628301268596,5.851401114404367,0
-55.17229392490625,5.857610912978104,0
-55.20039988604309,5.860102772041333,0
-55.2300888736343,5.84403896778468,0
-55.25147872088978,5.841100041006178,0
-55.27303244270296,5.834316427011587,0
-55.28526542957709,5.819434562310891,0
-55.30328396567592,5.80480025123877,0
-55.3248319549682,5.798017674214983,0
-55.33714219839777,5.78122547536331,0
-55.35121633432632,5.768355547721367,0
-55.37066855325138,5.765331087072237,0
-55.39382406513097,5.766323510424755,0
-55.4285600060477,5.767806626874393,0
-55.44962724337443,5.772551489251168,0
-55.46868585792765,5.779134308486539,0
-55.47358771537691,5.800506865195799,0
-55.47471930073669,5.819808732238708,0
-55.49354910505656,5.832165689472337,0
-55.51648382511326,5.838920943075027,0
-55.54143299080922,5.843835699063908,0
-55.57212370014656,5.850940720536593,0
-55.60314370540979,5.85035738539292,0
-55.65007970089115,5.846552113211771,0
-55.69640914900938,5.850350617471634,0
-55.71960800121089,5.851287364202464,0
-55.73707680801966,5.85007697011289,0
-55.77401990412201,5.845814541874992,0
-55.8128882165259,5.841626885289283,0
-55.83260644254406,5.832805420609561,0
-55.85264818511215,5.816298166197996,0
-55.87050912103963,5.805479144108944,0
-55.9061317952559,5.785777014123871,0
-55.92976207304306,5.775213448088187,0
-55.95491723635751,5.774328050058591,0
-55.96825851751051,5.778724349657337,0
-55.97943095711096,5.788800707804604,0
-56.00957377345155,5.807353735162834,0
-56.04799428369812,5.812781011783261,0
-56.09035742333312,5.816452098534745,0
-56.12091341053835,5.825415585291537,0
-56.16080981816163,5.842460517534536,0
-56.18751671504874,5.851260640281552,0
-56.21647341485124,5.852458027813836,0
-56.2492213973106,5.855741638321614,0
-56.26451786403351,5.860228069642364,0
-56.29326739419891,5.867205276102958,0
-56.31444807976683,5.870015211812804,0
-56.3656209931638,5.88508422342515,0
-56.38588070158964,5.888983157909761,0
-56.39679080014115,5.890964121984079,0
-56.41233589075703,5.894683968138819,0
-56.45286482571026,5.900938104210211,0
-56.48091350274997,5.905151935694183,0
-56.50289914585928,5.90444435644707,0
-56.53289916071679,5.89937210156496,0
-56.56751592152378,5.896037668621732,0
-56.6052369018141,5.892836711638251,0
-56.62157471258384,5.876342226948815,0
-56.63484806742624,5.858171955998045,0
-56.65528433237068,5.855865146394819,0
-56.67884202562879,5.853681334554385,0
-56.7133283000453,5.851928339414721,0
-56.73675256132418,5.852850305653979,0
-56.75536298711317,5.856698668467645,0
-56.76766445107476,5.86185505726599,0
-56.78789695703595,5.864215692177686,0
-56.81755815054216,5.865401226556274,0
-56.83304471092413,5.869134343266545,0
-56.86114667316286,5.870255090303179,0
-56.87832055081704,5.870939348515082,0
-56.89705607285028,5.871685182022615,0
-56.9079852759584,5.872119905312811,0
-56.94227360018009,5.875040064530591,0
-56.95614306507416,5.88026511432197,0
-56.96821007087156,5.891655330843473,0
-56.98346500381835,5.901617607060466,0
-57.02066032928704,5.910906866276542,0
-57.0454242914572,5.918138638090341,0
-57.05323963819653,5.918453441096868,0
-57.08606584169649,5.919769830470252,0
-57.10175839503487,5.918842123520478,0
-57.12853095226679,5.915253274891875,0
-57.14568654722491,5.917513256562938,0
-57.14972678321051,5.934827816916816,0
-57.15684353376658,5.953834368851887,0
-57.1585229475481,5.974381975136464,0
-57.16546354577215,5.996423852234695,0
-57.17059774074414,6.024613438025899,0
-57.17579771123295,6.051248659558001,0
-57.18519128343738,6.090487281642498,0
-57.19064041534224,6.110913513677326,0
-57.2009630393507,6.126867351724054,0
-57.2280450887055,6.154364942448101,0
-57.25045007307526,6.181683355467735,0
-57.26541491968415,6.199382508605199,0
-57.27617812163533,6.204472828905423,0
-57.30210302330872,6.222610242616142,0
-57.32745766741045,6.239133480955387,0
-57.36297952014317,6.251389496698552,0
-57.39987873506794,6.268358804237946,0
-57.41332916290628,6.284431526590947,0
-57.43658525608432,6.289989044705989,0
-57.46327069724419,6.287897370353228,0
-57.48544738723843,6.28096828499633,0
-57.48875394468512,6.276429314681695,0
-57.50396633436594,6.247463705259697,0
-57.51088144159064,6.230622860018313,0
-57.51941774608011,6.212290709803826,0
-57.53166708014544,6.218982595645958,0
-57.53899018139703,6.231705273776894,0
-57.55081755223431,6.249267621066612,0
-57.5520769241335,6.257092553774585,0
-57.55248946262839,6.286661654136845,0
-57.55614734866034,6.313248072276079,0
-57.56779861447041,6.335477603424889,0
-57.58119630025787,6.353111305511947,0
-57.60125711001263,6.396473356149271,0
-57.6133439888953,6.407821055630131,0
-57.63288114093514,6.428783885366913,0
-57.65542398072352,6.452968607571898,0
-57.68722024617058,6.480614871476684,0
-57.70393042258101,6.493690064396868,0
-57.71919830138181,6.50359965096109,0
-57.75099601598048,6.53124130029324,0
-57.76620313788109,6.542704608571153,0
-57.78129106336992,6.557274853683451,0
-57.79505685168452,6.565574322109986,0
-57.81333231992734,6.578713914171535,0
-57.83311346406924,6.593471253669231,0
-57.84454580034386,6.621918799774708,0
-57.8547157817128,6.64254064981839,0
-57.87866511498299,6.671473659418767,0
-57.90483655300816,6.683368955071127,0
-57.92487845727279,6.691920143163466,0
-57.95262326061286,6.703882405602479,0
-57.95534408629577,6.714892947745374,0
-57.96240911068441,6.735425417255818,0
-57.98055188222944,6.753272387806057,0
-58.00183403846204,6.771250614564378,0
-58.01407521557813,6.779525810952604,0
-58.02620449274806,6.790920568853235,0
-58.05226704723162,6.807539681715512,0
-58.06620120277486,6.812762793385334,0
-58.08803474418614,6.816744341082137,0
-58.11149576934905,6.819218107573303,0
-58.14639382146348,6.809654573308691,0
-58.14796243144082,6.809716149845555,0
